model_id,is_adapter,D,M,N,alpha,alpha_weighted,entropy,log_alpha_norm,log_norm,log_spectral_norm,longname,matrix_rank,norm,num_evals,spectral_norm,stable_rank,xmax,xmin,params,eigs
lemon-mint/gemma-ko-7b-instruct-v0.62,False,0.025311410427093506,4096,3072,3.4225664138793945,4.41666009044924,1.0431218147277832,4.463125705718994,2.787844767406367,1.2904527060566418,model.layers.0.self_attn.q_proj,3045,613.5426635742188,3045,19.518781661987305,31.433450826958577,19.518781661987305,1.0389634553575888e-05,12582912,"[1.0389635e-05 1.0582757e-05 1.0976781e-05 ... 5.0039191e+00 8.8489742e+00
 1.9518782e+01]"
lemon-mint/gemma-ko-7b-instruct-v0.62,False,0.02567499876022339,4096,3072,3.70424485206604,4.922288404275432,1.035363793373108,4.937693119049072,2.820170580069707,1.328823714644573,model.layers.0.self_attn.k_proj,3045,660.9530029296875,3045,21.321792602539062,30.998941564180644,21.321792602539062,1.0127771020052023e-05,12582912,"[1.0127771e-05 1.0888742e-05 1.1379475e-05 ... 4.6368561e+00 6.4520044e+00
 2.1321793e+01]"
lemon-mint/gemma-ko-7b-instruct-v0.62,False,0.01804870367050171,4096,3072,3.010293483734131,4.980911829445263,1.0243220329284668,5.030186653137207,2.967756213714863,1.6546266523045687,model.layers.0.self_attn.v_proj,3047,928.445068359375,3047,45.146766662597656,20.56504013450327,45.146766662597656,1.00845136330463e-05,12582912,"[1.0084514e-05 1.0505300e-05 1.0973336e-05 ... 1.1266996e+01 1.8343325e+01
 4.5146767e+01]"
lemon-mint/gemma-ko-7b-instruct-v0.62,False,0.02975332736968994,3072,4096,3.2788662910461426,5.021466984945665,1.0385421514511108,5.02488374710083,2.7012261549599397,1.531464396293981,model.layers.0.self_attn.o_proj,3072,502.604248046875,3072,33.998863220214844,14.782972147964038,33.998863220214844,0.0001408189273206517,12582912,"[1.4081893e-04 2.3615544e-04 5.7006348e-04 ... 4.5838904e+00 6.0764465e+00
 3.3998863e+01]"
lemon-mint/gemma-ko-7b-instruct-v0.62,False,0.019381940364837646,4096,3072,5.626681327819824,2.2702556156168114,1.1046147346496582,2.4173033237457275,2.7303734383489875,0.40348039694234283,model.layers.1.self_attn.q_proj,3072,537.4937744140625,3072,2.532097339630127,212.27216110600875,2.532097339630127,3.3053398510674015e-05,12582912,"[3.3053399e-05 4.9624639e-04 7.2412129e-04 ... 1.4265323e+00 1.7342279e+00
 2.5320973e+00]"
lemon-mint/gemma-ko-7b-instruct-v0.62,False,0.03727211058139801,4096,3072,6.178961277008057,2.8255754997290534,1.1027425527572632,2.8788459300994873,2.7414761069826206,0.4572897244465721,model.layers.1.self_attn.k_proj,3072,551.411865234375,3072,2.866089344024658,192.3917223250494,2.866089344024658,3.437681880313903e-05,12582912,"[3.4376819e-05 9.4795297e-04 1.2588693e-03 ... 1.5628004e+00 1.6127038e+00
 2.8660893e+00]"
lemon-mint/gemma-ko-7b-instruct-v0.62,False,0.03392595052719116,4096,3072,3.7545769214630127,1.2205655242350917,1.098787784576416,2.064361095428467,2.6926135068992396,0.32508736663716686,model.layers.1.self_attn.v_proj,3072,492.735107421875,3072,2.1139142513275146,233.09134091529154,2.1139142513275146,2.2974911189521663e-05,12582912,"[2.2974911e-05 4.6400004e-04 7.2148925e-04 ... 1.4362301e+00 1.5176175e+00
 2.1139143e+00]"
lemon-mint/gemma-ko-7b-instruct-v0.62,False,0.0439223051071167,3072,4096,7.540141582489014,1.6720819885535803,1.1055538654327393,1.7150293588638306,2.631389264743213,0.2217573728902877,model.layers.1.self_attn.o_proj,3072,427.9462890625,3072,1.666316032409668,256.82180375090354,1.666316032409668,0.001134472549892962,12582912,"[1.1344725e-03 1.3025549e-03 1.3883378e-03 ... 9.2788786e-01 9.8417014e-01
 1.6663160e+00]"
lemon-mint/gemma-ko-7b-instruct-v0.62,False,0.030608534812927246,4096,3072,4.585171222686768,2.794974673333819,1.090685248374939,2.886103391647339,2.6633660059215645,0.609568222775343,model.layers.2.self_attn.q_proj,3072,460.6446228027344,3072,4.069754600524902,113.18732160001049,4.069754600524902,0.0004868757678195834,12582912,"[4.8687577e-04 7.3265104e-04 8.5203338e-04 ... 1.7954633e+00 1.9847900e+00
 4.0697546e+00]"
lemon-mint/gemma-ko-7b-instruct-v0.62,False,0.012596756219863892,4096,3072,4.116665840148926,2.915363612066615,1.0939966440200806,2.9676833152770996,2.6587802991783835,0.7081856349946412,model.layers.2.self_attn.k_proj,3072,455.8062744140625,3072,5.107232570648193,89.24721326254642,5.107232570648193,0.0010634273057803512,12582912,"[1.0634273e-03 1.0925961e-03 1.2710518e-03 ... 1.7854773e+00 1.9799571e+00
 5.1072326e+00]"
lemon-mint/gemma-ko-7b-instruct-v0.62,False,0.025396883487701416,4096,3072,3.675845146179199,0.3474321314031565,1.108436107635498,1.5933172702789307,2.6136469080700167,0.09451761910163421,model.layers.2.self_attn.v_proj,3072,410.8155822753906,3072,1.2431330680847168,330.4679063105692,1.2431330680847168,0.0004325588815845549,12582912,"[4.3255888e-04 6.6762127e-04 8.3105086e-04 ... 1.1900916e+00 1.1990360e+00
 1.2431331e+00]"
lemon-mint/gemma-ko-7b-instruct-v0.62,False,0.036729514598846436,3072,4096,6.255071640014648,1.2879696986163534,1.1070514917373657,1.3361650705337524,2.561991049213505,0.2059080651254279,model.layers.2.self_attn.o_proj,3072,364.7464294433594,3072,1.6066011190414429,227.02986143877484,1.6066011190414429,0.0011475307401269674,12582912,"[1.1475307e-03 1.1915383e-03 1.2308867e-03 ... 7.0061600e-01 7.9917622e-01
 1.6066011e+00]"
lemon-mint/gemma-ko-7b-instruct-v0.62,False,0.024927645921707153,4096,3072,3.587251663208008,2.6460664925021478,1.0887285470962524,2.7778337001800537,2.666787996147748,0.7376305709579972,model.layers.3.self_attn.q_proj,3072,464.28857421875,3072,5.465508460998535,84.9488345927701,5.465508460998535,0.0007839465397410095,12582912,"[7.8394654e-04 9.5191185e-04 1.1659598e-03 ... 2.1160276e+00 2.1740744e+00
 5.4655085e+00]"
lemon-mint/gemma-ko-7b-instruct-v0.62,False,0.018707990646362305,4096,3072,3.6039605140686035,3.245087866728691,1.0894241333007812,3.2824296951293945,2.6626041201642883,0.9004227027629744,model.layers.3.self_attn.k_proj,3072,459.83721923828125,3072,7.951017379760742,57.83375853369326,7.951017379760742,0.0012031660880893469,12582912,"[1.2031661e-03 1.2730802e-03 1.3015991e-03 ... 2.1337729e+00 2.4951262e+00
 7.9510174e+00]"
lemon-mint/gemma-ko-7b-instruct-v0.62,False,0.054284632205963135,4096,3072,4.578995704650879,-0.47818570023699514,1.1113337278366089,0.8538122773170471,2.548200827166553,-0.10443025743642927,model.layers.3.self_attn.v_proj,3072,353.3465270996094,3072,0.7862664461135864,449.39794753566764,0.7862664461135864,0.0007712132064625621,12582912,"[7.7121321e-04 9.6119929e-04 1.0811503e-03 ... 7.3994392e-01 7.6611364e-01
 7.8626645e-01]"
lemon-mint/gemma-ko-7b-instruct-v0.62,False,0.032714903354644775,3072,4096,7.5689826011657715,0.4655111764839437,1.1102478504180908,0.5296359062194824,2.517420224927676,0.061502476754570136,model.layers.3.self_attn.o_proj,3072,329.16998291015625,3072,1.1521326303482056,285.7049390317781,1.1521326303482056,0.000875272904522717,12582912,"[8.7527290e-04 1.1196383e-03 1.1323004e-03 ... 7.0736724e-01 7.9713160e-01
 1.1521326e+00]"
lemon-mint/gemma-ko-7b-instruct-v0.62,False,0.04882746934890747,4096,3072,4.658846855163574,3.19994307907651,1.0782127380371094,3.2829017639160156,2.6762083399812906,0.6868530300647022,model.layers.4.self_attn.q_proj,3072,474.46954345703125,3072,4.862426280975342,97.57876336623012,4.862426280975342,0.0008624842157587409,12582912,"[8.6248422e-04 9.8222354e-04 9.9342992e-04 ... 2.0870924e+00 2.1135094e+00
 4.8624263e+00]"
lemon-mint/gemma-ko-7b-instruct-v0.62,False,0.028321385383605957,4096,3072,4.1357574462890625,3.23736420018901,1.0838862657546997,3.295259475708008,2.6713946216513893,0.7827741936592139,model.layers.4.self_attn.k_proj,3072,469.23956298828125,3072,6.064209461212158,77.37852163412677,6.064209461212158,0.0011053712805733085,12582912,"[1.1053713e-03 1.1434304e-03 1.1659353e-03 ... 2.2604818e+00 2.4336386e+00
 6.0642095e+00]"
lemon-mint/gemma-ko-7b-instruct-v0.62,False,0.04941496253013611,4096,3072,6.463451862335205,-0.558680381080746,1.1116559505462646,0.217448890209198,2.5123027882449547,-0.08643684411674388,model.layers.4.self_attn.v_proj,3072,325.31402587890625,3072,0.8195267915725708,396.95349709637776,0.8195267915725708,0.0010342473397031426,12582912,[0.00103425 0.00118154 0.00126709 ... 0.72421837 0.79553556 0.8195268 ]
lemon-mint/gemma-ko-7b-instruct-v0.62,False,0.033039629459381104,3072,4096,7.307455062866211,0.5604666418338748,1.1086374521255493,0.5809741020202637,2.4496251764207266,0.07669792520270968,model.layers.4.self_attn.o_proj,3072,281.59515380859375,3072,1.1931579113006592,236.0082861971115,1.1931579113006592,0.0008760507334955037,12582912,"[8.7605073e-04 8.9911954e-04 9.2649250e-04 ... 5.4677439e-01 5.6185216e-01
 1.1931579e+00]"
lemon-mint/gemma-ko-7b-instruct-v0.62,False,0.02973884344100952,4096,3072,6.694610118865967,3.575199803504421,1.082771897315979,3.604255437850952,2.6630798327685326,0.5340415259477488,model.layers.5.self_attn.q_proj,3072,460.3411865234375,3072,3.420121431350708,134.59790705198296,3.420121431350708,0.0009726022253744304,12582912,"[9.7260223e-04 9.9241897e-04 1.0203244e-03 ... 1.6416868e+00 1.7270312e+00
 3.4201214e+00]"
lemon-mint/gemma-ko-7b-instruct-v0.62,False,0.01680070161819458,4096,3072,5.073000907897949,2.952437178926964,1.092193365097046,2.988070011138916,2.651961752570721,0.5819902721346717,model.layers.5.self_attn.k_proj,3072,448.70587158203125,3072,3.81935715675354,117.48204034509095,3.81935715675354,0.0011156752007082105,12582912,"[1.1156752e-03 1.1439474e-03 1.1518080e-03 ... 1.5319213e+00 1.6112474e+00
 3.8193572e+00]"
lemon-mint/gemma-ko-7b-instruct-v0.62,False,0.06309449672698975,4096,3072,5.554041862487793,-0.8848507813602764,1.107311725616455,0.2383609563112259,2.4490750477756724,-0.15931654878883642,model.layers.5.self_attn.v_proj,3072,281.2386779785156,3072,0.6929205656051636,405.8743410695211,0.6929205656051636,0.0009628123953007162,12582912,[0.00096281 0.00102969 0.00106302 ... 0.6440342  0.66639304 0.69292057]
lemon-mint/gemma-ko-7b-instruct-v0.62,False,0.027246862649917603,3072,4096,5.398926258087158,0.8362741834186891,1.1046724319458008,0.8844845294952393,2.3971748664938106,0.1548963892896328,model.layers.5.self_attn.o_proj,3072,249.5599365234375,3072,1.4285531044006348,174.69419635480975,1.4285531044006348,0.000757899135351181,12582912,"[7.5789914e-04 7.6865329e-04 7.8806625e-04 ... 5.6043249e-01 6.5286326e-01
 1.4285531e+00]"
lemon-mint/gemma-ko-7b-instruct-v0.62,False,0.052007436752319336,4096,3072,5.050529479980469,3.7427165937783555,1.0710307359695435,3.7915687561035156,2.674352834817678,0.7410543010616838,model.layers.6.self_attn.q_proj,3072,472.44671630859375,3072,5.508765697479248,85.76271750399192,5.508765697479248,0.0008854460320435464,12582912,"[8.8544603e-04 9.1808202e-04 9.7135687e-04 ... 2.3008914e+00 2.5983646e+00
 5.5087657e+00]"
lemon-mint/gemma-ko-7b-instruct-v0.62,False,0.03277352452278137,4096,3072,3.1540956497192383,2.6620723668078514,1.0693731307983398,2.896470785140991,2.663843902903517,0.8440049581390519,model.layers.6.self_attn.k_proj,3072,461.15179443359375,3072,6.982403755187988,66.04484796384824,6.982403755187988,0.0009961628820747137,12582912,"[9.9616288e-04 1.0008869e-03 1.0100814e-03 ... 2.7356980e+00 3.0319304e+00
 6.9824038e+00]"
lemon-mint/gemma-ko-7b-instruct-v0.62,False,0.06985536217689514,4096,3072,7.402584075927734,-1.8424533258486158,1.1096655130386353,-0.7031326293945312,2.461948284756239,-0.24889326577728993,model.layers.6.self_attn.v_proj,3072,289.6998596191406,3072,0.5637761950492859,513.8561403675704,0.5637761950492859,0.0009451708174310625,12582912,[0.00094517 0.00106843 0.00111669 ... 0.53429276 0.5418528  0.5637762 ]
lemon-mint/gemma-ko-7b-instruct-v0.62,False,0.03484541177749634,3072,4096,6.819758892059326,1.0346953095941822,1.109000325202942,1.0389504432678223,2.4032444745592594,0.15172021855478543,model.layers.6.self_attn.o_proj,3072,253.0722198486328,3072,1.418143630027771,178.4531654552346,1.418143630027771,0.0007820187020115554,12582912,"[7.8201870e-04 8.0424268e-04 8.2152773e-04 ... 4.6647030e-01 4.7670788e-01
 1.4181436e+00]"
lemon-mint/gemma-ko-7b-instruct-v0.62,False,0.04533332586288452,4096,3072,6.5016865730285645,4.443843642577706,1.0644313097000122,4.458125114440918,2.644751274230765,0.6834909054232846,model.layers.7.self_attn.q_proj,3072,441.317626953125,3072,4.8249287605285645,91.4661436171711,4.8249287605285645,0.0007776176207698882,12582912,"[7.7761762e-04 8.1507192e-04 8.3310425e-04 ... 2.0136328e+00 2.1906319e+00
 4.8249288e+00]"
lemon-mint/gemma-ko-7b-instruct-v0.62,False,0.03500044345855713,4096,3072,5.340209484100342,3.827834582065257,1.0651053190231323,3.8676230907440186,2.6335123444057467,0.7167948361318128,model.layers.7.self_attn.k_proj,3072,430.04345703125,3072,5.2094855308532715,82.5500818620783,5.2094855308532715,0.0008748407126404345,12582912,"[8.7484071e-04 8.9310564e-04 9.1247750e-04 ... 2.2898805e+00 2.4090097e+00
 5.2094855e+00]"
lemon-mint/gemma-ko-7b-instruct-v0.62,False,0.04848504066467285,4096,3072,4.867045879364014,-0.6910223164715013,1.1023893356323242,0.44823870062828064,2.4258631875326215,-0.14197982381908397,model.layers.7.self_attn.v_proj,3072,266.60186767578125,3072,0.72114098072052,369.69451855226555,0.72114098072052,0.0008266462828032672,12582912,[0.00082665 0.0008986  0.00094375 ... 0.64818    0.6814787  0.721141  ]
lemon-mint/gemma-ko-7b-instruct-v0.62,False,0.038558363914489746,3072,4096,5.631261825561523,2.955893874025926,1.0971002578735352,2.956224203109741,2.3727576776328076,0.5249079097349869,model.layers.7.self_attn.o_proj,3072,235.91615295410156,3072,3.3489441871643066,70.44493421488215,3.3489441871643066,0.0006772297201678157,12582912,"[6.7722972e-04 7.2753057e-04 7.4705412e-04 ... 5.6256700e-01 5.6589121e-01
 3.3489442e+00]"
lemon-mint/gemma-ko-7b-instruct-v0.62,False,0.03718191385269165,4096,3072,5.293205738067627,3.5732516049445873,1.0887601375579834,3.6009838581085205,2.6939027517933902,0.6750638047651369,model.layers.8.self_attn.q_proj,3072,494.20001220703125,3072,4.732207775115967,104.43328689111087,4.732207775115967,0.0012878996785730124,12582912,"[1.2878997e-03 1.3054230e-03 1.3611146e-03 ... 1.8871785e+00 2.1223865e+00
 4.7322078e+00]"
lemon-mint/gemma-ko-7b-instruct-v0.62,False,0.014145463705062866,4096,3072,4.2725725173950195,2.970055594698505,1.0951236486434937,3.021974563598633,2.673732473579008,0.6951445721767042,model.layers.8.self_attn.k_proj,3072,471.7723388671875,3072,4.956151485443115,95.18924920936061,4.956151485443115,0.0013562892563641071,12582912,"[1.3562893e-03 1.4033744e-03 1.4261038e-03 ... 1.8630939e+00 1.9678648e+00
 4.9561515e+00]"
lemon-mint/gemma-ko-7b-instruct-v0.62,False,0.052398622035980225,4096,3072,13.076658248901367,-4.507764993159567,1.1137864589691162,-4.065339088439941,2.4100655877150436,-0.34471842173731854,model.layers.8.self_attn.v_proj,3072,257.0783996582031,3072,0.45214900374412537,568.5700897920938,0.45214900374412537,0.000597869569901377,12582912,[0.00059787 0.00071216 0.000832   ... 0.3971822  0.41288635 0.452149  ]
lemon-mint/gemma-ko-7b-instruct-v0.62,False,0.041321516036987305,3072,4096,6.558743476867676,2.920847111467206,1.1084911823272705,2.920879364013672,2.3715127584115594,0.4453363852037927,model.layers.8.self_attn.o_proj,3072,235.24085998535156,3072,2.7882800102233887,84.36773176396468,2.7882800102233887,0.0005923357675783336,12582912,"[5.9233577e-04 7.5574010e-04 8.4500213e-04 ... 4.0007207e-01 4.2083034e-01
 2.7882800e+00]"
lemon-mint/gemma-ko-7b-instruct-v0.62,False,0.033818840980529785,4096,3072,4.73227596282959,3.0332315170393116,1.0930759906768799,3.0823585987091064,2.712134251447635,0.6409667443032292,model.layers.9.self_attn.q_proj,3072,515.387939453125,3072,4.3748860359191895,117.80602631054342,4.3748860359191895,0.001258161966688931,12582912,"[1.2581620e-03 1.2793404e-03 1.3177493e-03 ... 1.5809562e+00 1.6326025e+00
 4.3748860e+00]"
lemon-mint/gemma-ko-7b-instruct-v0.62,False,0.011117100715637207,4096,3072,4.7574052810668945,3.3917141650892635,1.0924551486968994,3.423340320587158,2.7268567916539825,0.7129336192119916,model.layers.9.self_attn.k_proj,3072,533.1590576171875,3072,5.163374423980713,103.2578724372554,5.163374423980713,0.0012578783789649606,12582912,"[1.2578784e-03 1.2958079e-03 1.3612012e-03 ... 1.8644798e+00 2.1387422e+00
 5.1633744e+00]"
lemon-mint/gemma-ko-7b-instruct-v0.62,False,0.032008856534957886,4096,3072,5.084312438964844,-1.183941050673758,1.1100910902023315,-0.25683438777923584,2.3303268419870076,-0.23286158450852523,model.layers.9.self_attn.v_proj,3072,213.95716857910156,3072,0.5849764943122864,365.75344592372926,0.5849764943122864,0.0007966047269292176,12582912,[0.0007966  0.00091663 0.00093891 ... 0.51316136 0.5191566  0.5849765 ]
lemon-mint/gemma-ko-7b-instruct-v0.62,False,0.01980048418045044,3072,4096,5.737304210662842,0.9439488447637875,1.1069430112838745,0.9503591060638428,2.288088671543414,0.16452828891475693,model.layers.9.self_attn.o_proj,3072,194.1282196044922,3072,1.46058988571167,132.9108338374557,1.46058988571167,0.000655798357911408,12582912,"[6.5579836e-04 6.8743457e-04 7.3024619e-04 ... 4.3474036e-01 4.6200579e-01
 1.4605899e+00]"
lemon-mint/gemma-ko-7b-instruct-v0.62,False,0.028909534215927124,4096,3072,5.011594772338867,3.7019602293142513,1.0763441324234009,3.7569165229797363,2.7488678311760197,0.7386790827037636,model.layers.10.self_attn.q_proj,3072,560.8772583007812,3072,5.478719711303711,102.37378217096553,5.478719711303711,0.0010340752778574824,12582912,"[1.0340753e-03 1.0418058e-03 1.1165870e-03 ... 2.2919319e+00 2.3787057e+00
 5.4787197e+00]"
lemon-mint/gemma-ko-7b-instruct-v0.62,False,0.020559877157211304,4096,3072,4.425265312194824,3.574473969456758,1.0823712348937988,3.6391208171844482,2.7577184446291465,0.8077422973050865,model.layers.10.self_attn.k_proj,3072,572.4248046875,3072,6.423064708709717,89.120198946663,6.423064708709717,0.001148947048932314,12582912,"[1.1489470e-03 1.2127924e-03 1.2858817e-03 ... 2.5707073e+00 2.9836495e+00
 6.4230647e+00]"
lemon-mint/gemma-ko-7b-instruct-v0.62,False,0.06897208094596863,4096,3072,7.339990615844727,-2.8292785032359253,1.1086161136627197,-1.6840026378631592,2.3181448880176467,-0.3854607793541867,model.layers.10.self_attn.v_proj,3072,208.0390625,3072,0.4116605222225189,505.3655895319168,0.4116605222225189,0.00045887826127000153,12582912,[0.00045888 0.00068384 0.00072668 ... 0.386437   0.38873112 0.41166052]
lemon-mint/gemma-ko-7b-instruct-v0.62,False,0.04574865102767944,3072,4096,8.442190170288086,1.1301082583113775,1.1063388586044312,1.1301311254501343,2.2669340654573324,0.13386434509480058,model.layers.10.self_attn.o_proj,3072,184.89878845214844,3072,1.361019492149353,135.85315237488044,1.361019492149353,0.00042266512173227966,12582912,"[4.2266512e-04 4.8801233e-04 4.9553410e-04 ... 2.9614684e-01 3.2501429e-01
 1.3610195e+00]"
lemon-mint/gemma-ko-7b-instruct-v0.62,False,0.035233914852142334,4096,3072,6.167311191558838,4.194160219588867,1.0768846273422241,4.210196018218994,2.7318334578204855,0.6800630111432336,model.layers.11.self_attn.q_proj,3072,539.3037719726562,3072,4.7869954109191895,112.66018152900217,4.7869954109191895,0.0007318860152736306,12582912,"[7.3188602e-04 8.3180831e-04 8.5061288e-04 ... 1.9577478e+00 2.1342373e+00
 4.7869954e+00]"
lemon-mint/gemma-ko-7b-instruct-v0.62,False,0.028967618942260742,4096,3072,4.9580793380737305,3.8223300310790416,1.073449730873108,3.858541488647461,2.737789421968038,0.7709295818900832,model.layers.11.self_attn.k_proj,3072,546.7507934570312,3072,5.9010539054870605,92.65307557157514,5.9010539054870605,0.0008235498098656535,12582912,"[8.2354981e-04 8.6322025e-04 9.2445652e-04 ... 2.2388301e+00 2.3458016e+00
 5.9010539e+00]"
lemon-mint/gemma-ko-7b-instruct-v0.62,False,0.0849294662475586,4096,3072,6.1326117515563965,-1.9391132649017964,1.0967776775360107,-0.7425675988197327,2.2732523113348013,-0.3161969717730245,model.layers.11.self_attn.v_proj,3072,187.60841369628906,3072,0.48283976316452026,388.55212020382913,0.48283976316452026,0.0004164385318290442,12582912,"[4.1643853e-04 4.4508642e-04 4.8344629e-04 ... 4.5896280e-01 4.7172511e-01
 4.8283976e-01]"
lemon-mint/gemma-ko-7b-instruct-v0.62,False,0.03474748134613037,3072,4096,5.215153694152832,0.5151421344609776,1.1063790321350098,0.525448203086853,2.202412962802799,0.09877793918874314,model.layers.11.self_attn.o_proj,3072,159.37234497070312,3072,1.2553879022598267,126.95067770194105,1.2553879022598267,0.00044314455590210855,12582912,"[4.4314456e-04 4.7909658e-04 4.8830773e-04 ... 3.2301402e-01 3.3192933e-01
 1.2553879e+00]"
lemon-mint/gemma-ko-7b-instruct-v0.62,False,0.05965721607208252,4096,3072,6.526403427124023,4.4278332643056615,1.0672039985656738,4.451883316040039,2.6908007810766326,0.6784492123032709,model.layers.12.self_attn.q_proj,3072,490.6827392578125,3072,4.769240379333496,102.88488317428565,4.769240379333496,0.000745992932934314,12582912,"[7.4599293e-04 8.3181844e-04 8.6988870e-04 ... 2.2024488e+00 2.3214614e+00
 4.7692404e+00]"
lemon-mint/gemma-ko-7b-instruct-v0.62,False,0.045401573181152344,4096,3072,2.917106866836548,2.2742301942847054,1.0678536891937256,2.7558579444885254,2.695683266358848,0.7796184021022825,model.layers.12.self_attn.k_proj,3072,496.23028564453125,3072,6.020303726196289,82.4261213741215,6.020303726196289,0.0008999595884233713,12582912,"[8.9995959e-04 9.4290543e-04 9.5386390e-04 ... 2.9326394e+00 3.1473253e+00
 6.0203037e+00]"
lemon-mint/gemma-ko-7b-instruct-v0.62,False,0.08167031407356262,4096,3072,8.643524169921875,-3.148574009234656,1.1050240993499756,-1.8977161645889282,2.3738844364704734,-0.36426970612186244,model.layers.12.self_attn.v_proj,3072,236.52902221679688,3072,0.43224531412124634,547.210147778374,0.43224531412124634,0.00029374612495303154,12582912,"[2.9374612e-04 3.1043804e-04 3.7825335e-04 ... 4.2107204e-01 4.2640775e-01
 4.3224531e-01]"
lemon-mint/gemma-ko-7b-instruct-v0.62,False,0.051825642585754395,3072,4096,6.787911415100098,1.8984486395961877,1.1053123474121094,1.8985459804534912,2.2954248099949224,0.2796808213161091,model.layers.12.self_attn.o_proj,3072,197.435302734375,3072,1.9040608406066895,103.6916985654021,1.9040608406066895,0.0002571989316493273,12582912,"[2.5719893e-04 3.4256600e-04 3.8431000e-04 ... 3.3138606e-01 3.4465468e-01
 1.9040608e+00]"
lemon-mint/gemma-ko-7b-instruct-v0.62,False,0.03924325108528137,4096,3072,5.009503364562988,3.6854908629105028,1.0731487274169922,3.754328966140747,2.7257159728303404,0.7356998478095667,model.layers.13.self_attn.q_proj,3072,531.7603759765625,3072,5.441264629364014,97.72735056973617,5.441264629364014,0.0008735291194170713,12582912,"[8.7352912e-04 9.0547785e-04 9.2644943e-04 ... 2.4321780e+00 2.5780671e+00
 5.4412646e+00]"
lemon-mint/gemma-ko-7b-instruct-v0.62,False,0.0436529815196991,4096,3072,3.438469171524048,2.8108780982409565,1.0657092332839966,3.1737184524536133,2.7600485981766796,0.8174795113824094,model.layers.13.self_attn.k_proj,3072,575.5043334960938,3072,6.568701267242432,87.61310799230377,6.568701267242432,0.0009362607379443944,12582912,"[9.3626074e-04 9.6714380e-04 9.7857474e-04 ... 3.3600917e+00 3.8069460e+00
 6.5687013e+00]"
lemon-mint/gemma-ko-7b-instruct-v0.62,False,0.04050403833389282,4096,3072,5.014980792999268,-1.151383959461101,1.0987151861190796,0.057722028344869614,2.3348347788070245,-0.22958890711374041,model.layers.13.self_attn.v_proj,3072,216.18959045410156,3072,0.5894013047218323,366.79523564362,0.5894013047218323,0.0004679767298512161,12582912,"[4.6797673e-04 4.9535348e-04 5.4400391e-04 ... 5.4743779e-01 5.7758015e-01
 5.8940130e-01]"
lemon-mint/gemma-ko-7b-instruct-v0.62,False,0.028812110424041748,3072,4096,5.303014755249023,0.6507832623110396,1.0991159677505493,0.6730748414993286,2.243714629691198,0.12271948926162841,model.layers.13.self_attn.o_proj,3072,175.27284240722656,3072,1.3265373706817627,132.1280849533448,1.3265373706817627,0.00031855961424298584,12582912,"[3.1855961e-04 3.8177465e-04 3.8299820e-04 ... 4.7403404e-01 4.9101537e-01
 1.3265374e+00]"
lemon-mint/gemma-ko-7b-instruct-v0.62,False,0.04654008150100708,4096,3072,4.268042087554932,2.5547320289451068,1.05598783493042,3.059793472290039,2.7021244910054643,0.5985723609414211,model.layers.14.self_attn.q_proj,3072,503.64495849609375,3072,3.9680063724517822,126.92644900791772,3.9680063724517822,0.0005286584491841495,12582912,"[5.2865845e-04 5.7810225e-04 5.9389853e-04 ... 2.5423522e+00 2.6648400e+00
 3.9680064e+00]"
lemon-mint/gemma-ko-7b-instruct-v0.62,False,0.03529122471809387,4096,3072,5.648548603057861,3.574765153360579,1.0579421520233154,3.7448151111602783,2.704634423209453,0.6328643700481514,model.layers.14.self_attn.k_proj,3072,506.5641174316406,3072,4.294023036956787,117.96958541485776,4.294023036956787,0.0005954314256086946,12582912,"[5.9543143e-04 6.1120687e-04 6.2079338e-04 ... 2.6241999e+00 2.9315505e+00
 4.2940230e+00]"
lemon-mint/gemma-ko-7b-instruct-v0.62,False,0.049025341868400574,4096,3072,6.6750054359436035,-1.6473442914356344,1.0915886163711548,-0.9606199264526367,2.2255875973501307,-0.24679295129334375,model.layers.14.self_attn.v_proj,3072,168.10769653320312,3072,0.5665093064308167,296.7430448624639,0.5665093064308167,0.00027282151859253645,12582912,"[2.7282152e-04 2.9695622e-04 3.3582895e-04 ... 4.7270429e-01 5.2039021e-01
 5.6650931e-01]"
lemon-mint/gemma-ko-7b-instruct-v0.62,False,0.028664976358413696,3072,4096,3.9245545864105225,0.8696833991496106,1.0902588367462158,0.9138121008872986,2.1257203606254618,0.22160053580629152,model.layers.14.self_attn.o_proj,3072,133.57351684570312,3072,1.6657143831253052,80.18992823672755,1.6657143831253052,0.0002368396962992847,12582912,"[2.3683970e-04 2.5522968e-04 2.6513438e-04 ... 4.2591172e-01 4.2853117e-01
 1.6657144e+00]"
lemon-mint/gemma-ko-7b-instruct-v0.62,False,0.05134245753288269,4096,3072,6.964077949523926,4.533504090687036,1.070473313331604,4.556416034698486,2.7297153557851006,0.6509841106814368,model.layers.15.self_attn.q_proj,3072,536.679931640625,3072,4.476969242095947,119.87572454024094,4.476969242095947,0.000670606445055455,12582912,"[6.7060645e-04 7.5616897e-04 7.9607836e-04 ... 2.1686361e+00 2.2497573e+00
 4.4769692e+00]"
lemon-mint/gemma-ko-7b-instruct-v0.62,False,0.030487477779388428,4096,3072,5.433652400970459,3.743875912028347,1.0720163583755493,3.8221776485443115,2.7337871279668735,0.689016454449623,model.layers.15.self_attn.k_proj,3072,541.7352905273438,3072,4.886708736419678,110.85892770524613,4.886708736419678,0.0008224033517763019,12582912,"[8.2240335e-04 8.5116259e-04 8.9258456e-04 ... 2.3925538e+00 2.6982739e+00
 4.8867087e+00]"
lemon-mint/gemma-ko-7b-instruct-v0.62,False,0.07311373949050903,4096,3072,5.682702541351318,-1.8045749911784639,1.0981287956237793,-0.6227462887763977,2.273934983298812,-0.317555771755976,model.layers.15.self_attn.v_proj,3072,187.90354919433594,3072,0.4813314378261566,390.3828722324209,0.4813314378261566,0.0002682609192561358,12582912,"[2.6826092e-04 2.9409092e-04 3.1037288e-04 ... 4.6129149e-01 4.7592950e-01
 4.8133144e-01]"
lemon-mint/gemma-ko-7b-instruct-v0.62,False,0.050853610038757324,3072,4096,4.640769958496094,0.754344360679896,1.0990805625915527,0.7704762816429138,2.1708838313352503,0.16254724268305507,model.layers.15.self_attn.o_proj,3072,148.212158203125,3072,1.4539425373077393,101.93811268330383,1.4539425373077393,0.00031727360328659415,12582912,"[3.1727360e-04 3.5342760e-04 3.6575593e-04 ... 3.3585191e-01 3.3839920e-01
 1.4539425e+00]"
lemon-mint/gemma-ko-7b-instruct-v0.62,False,0.053105056285858154,4096,3072,6.1854753494262695,3.9003430927843286,1.0645434856414795,3.95979905128479,2.673769920259805,0.6305648106973869,model.layers.16.self_attn.q_proj,3072,471.8130187988281,3072,4.271346569061279,110.46001797567067,4.271346569061279,0.000642205763142556,12582912,"[6.4220576e-04 6.5911957e-04 6.9430989e-04 ... 2.1683741e+00 2.3680327e+00
 4.2713466e+00]"
lemon-mint/gemma-ko-7b-instruct-v0.62,False,0.05639922618865967,4096,3072,3.649686336517334,2.4093069604752704,1.0605998039245605,2.8814196586608887,2.672689581077683,0.6601408280949207,model.layers.16.self_attn.k_proj,3072,470.64080810546875,3072,4.572364330291748,102.93160695605344,4.572364330291748,0.0006996343727223575,12582912,"[6.9963437e-04 7.2350370e-04 7.6986861e-04 ... 2.7665269e+00 2.8216760e+00
 4.5723643e+00]"
lemon-mint/gemma-ko-7b-instruct-v0.62,False,0.04244697093963623,4096,3072,7.792892932891846,-0.7876442668309567,1.0938891172409058,-0.36803215742111206,2.37354866434679,-0.1010721273362435,model.layers.16.self_attn.v_proj,3072,236.34622192382812,3072,0.7923697233200073,298.27770416762513,0.7923697233200073,0.00029362915665842593,12582912,"[2.9362916e-04 3.8723089e-04 4.2198913e-04 ... 6.4673334e-01 6.7749149e-01
 7.9236972e-01]"
lemon-mint/gemma-ko-7b-instruct-v0.62,False,0.061057716608047485,3072,4096,5.154516220092773,0.7546183410877848,1.0928256511688232,0.786710262298584,2.2557770642082855,0.14639945028133072,model.layers.16.self_attn.o_proj,3072,180.20924377441406,3072,1.400875210762024,128.64046875123657,1.400875210762024,0.00032428756821900606,12582912,"[3.2428757e-04 3.3445386e-04 3.4946468e-04 ... 4.5057991e-01 4.5640427e-01
 1.4008752e+00]"
lemon-mint/gemma-ko-7b-instruct-v0.62,False,0.058402061462402344,4096,3072,5.514530181884766,3.9533855755677796,1.063379168510437,4.00260066986084,2.6922791968307944,0.7169034251647861,model.layers.17.self_attn.q_proj,3072,492.35595703125,3072,5.210788249969482,94.48780748942035,5.210788249969482,0.0007888555992394686,12582912,"[7.8885560e-04 8.1540365e-04 8.6616678e-04 ... 2.2947450e+00 2.5645511e+00
 5.2107882e+00]"
lemon-mint/gemma-ko-7b-instruct-v0.62,False,0.04799953103065491,4096,3072,4.65616512298584,3.4468183838128494,1.0685210227966309,3.5572283267974854,2.6820132917435853,0.7402697912917922,model.layers.17.self_attn.k_proj,3072,480.85406494140625,3072,5.498823642730713,87.44671518554364,5.498823642730713,0.0009175006998702884,12582912,"[9.1750070e-04 9.2387758e-04 9.2985318e-04 ... 2.7466760e+00 2.7976458e+00
 5.4988236e+00]"
lemon-mint/gemma-ko-7b-instruct-v0.62,False,0.08730140328407288,4096,3072,5.748611927032471,-1.8230028833287522,1.105168104171753,-0.38356292247772217,2.3871512500547616,-0.31712053387291644,model.layers.17.self_attn.v_proj,3072,243.86599731445312,3072,0.48181405663490295,506.1413089889235,0.48181405663490295,0.0005179595900699496,12582912,[0.00051796 0.00053772 0.00058226 ... 0.45855096 0.4641786  0.48181406]
lemon-mint/gemma-ko-7b-instruct-v0.62,False,0.03329426050186157,3072,4096,5.566481113433838,0.3862982653333116,1.1049041748046875,0.4141504168510437,2.306974067271299,0.06939721117548404,model.layers.17.self_attn.o_proj,3072,202.75616455078125,3072,1.1732679605484009,172.81317769557975,1.1732679605484009,0.0003863763704430312,12582912,"[3.8637637e-04 4.3208414e-04 4.5334408e-04 ... 3.9262035e-01 3.9393818e-01
 1.1732680e+00]"
lemon-mint/gemma-ko-7b-instruct-v0.62,False,0.054080694913864136,4096,3072,5.987592697143555,4.037273773725119,1.0593019723892212,4.060222148895264,2.6437171260780676,0.6742732810885991,model.layers.18.self_attn.q_proj,3072,440.26800537109375,3072,4.723601818084717,93.20599456234642,4.723601818084717,0.0005821597296744585,12582912,"[5.8215973e-04 5.9687701e-04 6.2680349e-04 ... 1.9659144e+00 2.1501255e+00
 4.7236018e+00]"
lemon-mint/gemma-ko-7b-instruct-v0.62,False,0.03263890743255615,4096,3072,4.9648895263671875,3.6688329415081133,1.0599005222320557,3.721109390258789,2.6260584093713035,0.7389556045555359,model.layers.18.self_attn.k_proj,3072,422.7254638671875,3072,5.482209205627441,77.10859764951388,5.482209205627441,0.0006785119185224175,12582912,"[6.7851192e-04 7.2090019e-04 7.2854408e-04 ... 2.2950988e+00 2.7160742e+00
 5.4822092e+00]"
lemon-mint/gemma-ko-7b-instruct-v0.62,False,0.09391111135482788,4096,3072,2.9223732948303223,-0.6467681641659196,1.0939865112304688,1.228002667427063,2.3869075942284574,-0.22131606708494508,model.layers.18.self_attn.v_proj,3072,243.72921752929688,3072,0.6007363796234131,405.71742580678193,0.6007363796234131,0.00033600235474295914,12582912,"[3.3600235e-04 3.9149265e-04 4.0684323e-04 ... 5.8812326e-01 5.9638214e-01
 6.0073638e-01]"
lemon-mint/gemma-ko-7b-instruct-v0.62,False,0.03955376148223877,3072,4096,3.7753543853759766,0.3970318256240794,1.0957286357879639,0.8272238969802856,2.307867111159774,0.10516412105894005,model.layers.18.self_attn.o_proj,3072,203.17352294921875,3072,1.273984432220459,159.47881136593057,1.273984432220459,0.0002763661614153534,12582912,"[2.7636616e-04 3.6844207e-04 3.8978300e-04 ... 5.8501500e-01 5.9090710e-01
 1.2739844e+00]"
lemon-mint/gemma-ko-7b-instruct-v0.62,False,0.061102092266082764,4096,3072,6.143494606018066,4.313074539461472,1.0702723264694214,4.319235324859619,2.6535872526654174,0.7020555589381416,model.layers.19.self_attn.q_proj,3072,450.3884582519531,3072,5.035650253295898,89.43998006159543,5.035650253295898,0.000708967272657901,12582912,"[7.0896727e-04 7.2965387e-04 7.5010513e-04 ... 1.6798187e+00 1.7000928e+00
 5.0356503e+00]"
lemon-mint/gemma-ko-7b-instruct-v0.62,False,0.03713506460189819,4096,3072,5.3045148849487305,3.727255805977607,1.0737731456756592,3.7481040954589844,2.636268865685942,0.70265724327657,model.layers.19.self_attn.k_proj,3072,432.78167724609375,3072,5.04263162612915,85.82456727625527,5.04263162612915,0.0008245678036473691,12582912,"[8.2456780e-04 8.4164296e-04 8.5704471e-04 ... 1.9009949e+00 2.1103637e+00
 5.0426316e+00]"
lemon-mint/gemma-ko-7b-instruct-v0.62,False,0.05696269869804382,4096,3072,5.425807476043701,-0.6396919193800451,1.101743459701538,0.17122818529605865,2.3954468056081413,-0.11789801282195234,model.layers.19.self_attn.v_proj,3072,248.56890869140625,3072,0.762257993221283,326.095509528159,0.762257993221283,0.0005558900884352624,12582912,"[5.5589009e-04 5.9994363e-04 6.3228386e-04 ... 6.2242782e-01 6.4688462e-01
 7.6225799e-01]"
lemon-mint/gemma-ko-7b-instruct-v0.62,False,0.06198418140411377,3072,4096,9.199248313903809,-0.09709420421781863,1.098791480064392,-0.09137525409460068,2.3430489744349736,-0.010554580211849457,model.layers.19.self_attn.o_proj,3072,220.31748962402344,3072,0.9759901165962219,225.73741872754155,0.9759901165962219,0.0005488164606504142,12582912,"[5.4881646e-04 5.6081323e-04 5.8177777e-04 ... 4.5807940e-01 4.6991339e-01
 9.7599012e-01]"
lemon-mint/gemma-ko-7b-instruct-v0.62,False,0.03664368391036987,4096,3072,5.778430461883545,4.397664738736077,1.0669232606887817,4.405047416687012,2.6729079693879125,0.7610483102192785,model.layers.20.self_attn.q_proj,3072,470.8775329589844,3072,5.768306255340576,81.63185380856352,5.768306255340576,0.0005842027021571994,12582912,"[5.8420270e-04 6.8356754e-04 6.9077499e-04 ... 1.8576982e+00 1.9001544e+00
 5.7683063e+00]"
lemon-mint/gemma-ko-7b-instruct-v0.62,False,0.025456160306930542,4096,3072,4.733813762664795,3.7583496044202027,1.0659371614456177,3.7843129634857178,2.634589127341984,0.7939369381326323,model.layers.20.self_attn.k_proj,3072,431.11102294921875,3072,6.222099304199219,69.28706886086938,6.222099304199219,0.0007046093815006316,12582912,"[7.0460938e-04 7.3673140e-04 7.4756565e-04 ... 2.1535208e+00 2.3776858e+00
 6.2220993e+00]"
lemon-mint/gemma-ko-7b-instruct-v0.62,False,0.042947471141815186,4096,3072,12.112396240234375,-3.9583783601649465,1.105913758277893,-3.4915475845336914,2.377819875080241,-0.3268039025189909,model.layers.20.self_attn.v_proj,3072,238.68211364746094,3072,0.47119003534317017,506.5517004697001,0.47119003534317017,0.0003491329262033105,12582912,"[3.4913293e-04 3.6103473e-04 4.0231389e-04 ... 4.0796700e-01 4.3134478e-01
 4.7119004e-01]"
lemon-mint/gemma-ko-7b-instruct-v0.62,False,0.03527149558067322,3072,4096,9.336773872375488,-0.15176020729303255,1.1151028871536255,-0.15120162069797516,2.365845856411066,-0.016254030499982676,model.layers.20.self_attn.o_proj,3072,232.19125366210938,3072,0.9632654190063477,241.04597661320105,0.9632654190063477,0.0010043641086667776,12582912,[0.00100436 0.0010076  0.0010506  ... 0.34368566 0.36978647 0.9632654 ]
lemon-mint/gemma-ko-7b-instruct-v0.62,False,0.034092605113983154,4096,3072,5.584555149078369,4.102656924278189,1.074471354484558,4.113893985748291,2.664489790500811,0.7346434612531777,model.layers.21.self_attn.q_proj,3072,461.838134765625,3072,5.428045272827148,85.08369248089944,5.428045272827148,2.912791933340486e-05,12582912,"[2.9127919e-05 5.1455619e-04 6.1146508e-04 ... 1.8639147e+00 1.9464753e+00
 5.4280453e+00]"
lemon-mint/gemma-ko-7b-instruct-v0.62,False,0.035458505153656006,4096,3072,4.782037734985352,3.872914192701613,1.0738941431045532,3.890667676925659,2.643886696189319,0.8098878359673748,model.layers.21.self_attn.k_proj,3072,440.43994140625,3072,6.4548749923706055,68.23369033898128,6.4548749923706055,3.5967772419098765e-05,12582912,"[3.5967772e-05 8.4491813e-04 8.7551144e-04 ... 1.9445039e+00 2.3899579e+00
 6.4548750e+00]"
lemon-mint/gemma-ko-7b-instruct-v0.62,False,0.06687897443771362,4096,3072,16.880029678344727,-6.725781048034725,1.1119563579559326,-6.255335807800293,2.3801318784361105,-0.398446044005668,model.layers.21.self_attn.v_proj,3072,239.95614624023438,3072,0.3995341956615448,600.5897588888914,0.3995341956615448,2.7147521905135363e-05,12582912,"[2.7147522e-05 3.4490169e-04 3.7256573e-04 ... 3.6066303e-01 3.6846456e-01
 3.9953420e-01]"
lemon-mint/gemma-ko-7b-instruct-v0.62,False,0.053130507469177246,3072,4096,3.555767059326172,0.11901776387169519,1.1125366687774658,0.704793393611908,2.3756690269828598,0.033471755006991205,model.layers.21.self_attn.o_proj,3072,237.50296020507812,3072,1.0801193714141846,219.88584455634654,1.0801193714141846,0.0010154787451028824,12582912,"[1.0154787e-03 1.0698618e-03 1.1100557e-03 ... 4.0548554e-01 5.1234853e-01
 1.0801194e+00]"
lemon-mint/gemma-ko-7b-instruct-v0.62,False,0.044347137212753296,4096,3072,2.6455769538879395,2.1585784009580946,1.0675112009048462,2.5621962547302246,2.6340041259687172,0.815919717544352,model.layers.22.self_attn.q_proj,3072,430.53070068359375,3072,6.545151710510254,65.77856705632114,6.545151710510254,2.8220929380040616e-05,12582912,"[2.8220929e-05 6.2434823e-04 7.7465817e-04 ... 2.4967649e+00 3.1045763e+00
 6.5451517e+00]"
lemon-mint/gemma-ko-7b-instruct-v0.62,False,0.029610276222229004,4096,3072,2.5609371662139893,2.1742460371564802,1.064841866493225,2.571915864944458,2.6176623889791575,0.8490040543910801,model.layers.22.self_attn.k_proj,3072,414.631591796875,3072,7.063241481781006,58.70273483730944,7.063241481781006,3.2719995942898095e-05,12582912,"[3.2719996e-05 8.1658521e-04 8.2448940e-04 ... 2.4157584e+00 3.2834845e+00
 7.0632415e+00]"
lemon-mint/gemma-ko-7b-instruct-v0.62,False,0.0766894519329071,4096,3072,2.403947114944458,-0.3790503635472445,1.0902893543243408,1.735033392906189,2.4757362103942984,-0.15767832877471694,model.layers.22.self_attn.v_proj,3072,299.0447692871094,3072,0.6955392956733704,429.9466200505552,0.6955392956733704,3.0449758924078196e-05,12582912,"[3.0449759e-05 3.0893352e-04 3.4631146e-04 ... 6.7682540e-01 6.9146413e-01
 6.9553930e-01]"
lemon-mint/gemma-ko-7b-instruct-v0.62,False,0.07602104544639587,3072,4096,12.666049003601074,0.16142584684601874,1.112522006034851,0.1615200638771057,2.4414401503899357,0.012744767275108749,model.layers.22.self_attn.o_proj,3072,276.33770751953125,3072,1.0297807455062866,268.3461588550786,1.0297807455062866,0.001079026609659195,12582912,[0.00107903 0.00120501 0.0012279  ... 0.41006246 0.4211084  1.0297807 ]
lemon-mint/gemma-ko-7b-instruct-v0.62,False,0.0451512336730957,4096,3072,2.84144926071167,2.227109006791181,1.0799208879470825,2.486924886703491,2.6211555447614896,0.7837933401046827,model.layers.23.self_attn.q_proj,3072,417.98004150390625,3072,6.078456878662109,68.76416989502526,6.078456878662109,7.587579602841288e-05,12582912,"[7.5875796e-05 8.6642674e-04 9.1482216e-04 ... 1.6445559e+00 2.1681881e+00
 6.0784569e+00]"
lemon-mint/gemma-ko-7b-instruct-v0.62,False,0.034217119216918945,4096,3072,3.0787417888641357,2.2954539024340685,1.0855507850646973,2.496615171432495,2.6161620577538027,0.7455818187601073,model.layers.23.self_attn.k_proj,3072,413.20166015625,3072,5.566494941711426,74.23013305195076,5.566494941711426,8.137215627357364e-05,12582912,"[8.1372156e-05 9.7221107e-04 1.0146863e-03 ... 1.7506367e+00 2.2386296e+00
 5.5664949e+00]"
lemon-mint/gemma-ko-7b-instruct-v0.62,False,0.04204648733139038,4096,3072,11.434158325195312,-1.6751549138324042,1.110602855682373,-1.3814672231674194,2.4989029858676375,-0.14650443576080097,model.layers.23.self_attn.v_proj,3072,315.42999267578125,3072,0.7136669158935547,441.98488910032154,0.7136669158935547,7.370684033958241e-05,12582912,"[7.3706840e-05 6.5849785e-04 7.1204966e-04 ... 5.9072250e-01 6.3217193e-01
 7.1366692e-01]"
lemon-mint/gemma-ko-7b-instruct-v0.62,False,0.028428256511688232,3072,4096,7.355926036834717,1.020124794378578,1.1186597347259521,1.0231786966323853,2.4484000109363975,0.1386806758619261,model.layers.23.self_attn.o_proj,3072,280.8018798828125,3072,1.3761972188949585,204.04188878414334,1.3761972188949585,0.0014723911881446838,12582912,[0.00147239 0.00151105 0.00155072 ... 0.44873598 0.6378993  1.3761972 ]
lemon-mint/gemma-ko-7b-instruct-v0.62,False,0.021265625953674316,4096,3072,2.4441628456115723,2.1476611277479702,1.0449554920196533,2.571720600128174,2.540838237743734,0.8786898678228569,model.layers.24.self_attn.q_proj,3072,347.40673828125,3072,7.562926292419434,45.935491746027864,7.562926292419434,1.2685978617810179e-05,12582912,"[1.2685979e-05 4.7067154e-04 4.7802427e-04 ... 2.6910167e+00 4.2894464e+00
 7.5629263e+00]"
lemon-mint/gemma-ko-7b-instruct-v0.62,False,0.027663886547088623,4096,3072,2.441667318344116,1.9906868492217347,1.0452948808670044,2.467818021774292,2.5112404315850676,0.8152981506799926,model.layers.24.self_attn.k_proj,3072,324.51922607421875,3072,6.535790920257568,49.65263271632163,6.535790920257568,1.3355943337955978e-05,12582912,"[1.3355943e-05 4.9193547e-04 5.1553006e-04 ... 2.3419247e+00 3.8115785e+00
 6.5357909e+00]"
lemon-mint/gemma-ko-7b-instruct-v0.62,False,0.07278656959533691,4096,3072,2.115746259689331,0.1920516760875086,1.0826393365859985,2.271214723587036,2.6487173839114018,0.09077254666431919,model.layers.24.self_attn.v_proj,3072,445.3663330078125,3072,1.2324591875076294,361.36396038270885,1.2324591875076294,1.3221932931628544e-05,12582912,"[1.3221933e-05 3.4721522e-04 4.2627071e-04 ... 1.1484032e+00 1.1698378e+00
 1.2324592e+00]"
lemon-mint/gemma-ko-7b-instruct-v0.62,False,0.08045428991317749,3072,4096,9.315543174743652,3.514399255980725,1.123112678527832,3.514407157897949,2.586638599315937,0.37726187191198707,model.layers.24.self_attn.o_proj,3072,386.04559326171875,3072,2.383756399154663,161.94842451125447,2.383756399154663,0.0023629271890968084,12582912,"[2.3629272e-03 2.4231914e-03 2.4950497e-03 ... 4.8165908e-01 7.0623058e-01
 2.3837564e+00]"
lemon-mint/gemma-ko-7b-instruct-v0.62,False,0.025494039058685303,4096,3072,2.7472848892211914,2.0696715418637686,1.0757064819335938,2.2991108894348145,2.5046699322176096,0.7533516272680717,model.layers.25.self_attn.q_proj,3072,319.646484375,3072,5.6669793128967285,56.40509109457288,5.6669793128967285,0.00012600183254107833,12582912,"[1.2600183e-04 6.9377973e-04 7.5204740e-04 ... 1.5720731e+00 1.6255049e+00
 5.6669793e+00]"
lemon-mint/gemma-ko-7b-instruct-v0.62,False,0.02322208881378174,4096,3072,2.9440579414367676,2.1583090950326875,1.0798730850219727,2.322174549102783,2.494193928289091,0.7331068674481941,model.layers.25.self_attn.k_proj,3072,312.02825927734375,3072,5.408874034881592,57.68820964679288,5.408874034881592,0.00013215116632636636,12582912,"[1.3215117e-04 7.9269410e-04 8.0904510e-04 ... 1.5843488e+00 1.8045355e+00
 5.4088740e+00]"
lemon-mint/gemma-ko-7b-instruct-v0.62,False,0.05065605044364929,4096,3072,6.575184345245361,3.5102613046524858,1.1132981777191162,3.5110771656036377,2.6225627787962758,0.5338650781997955,model.layers.25.self_attn.v_proj,3072,419.33660888671875,3072,3.418732166290283,122.65851446963367,3.418732166290283,0.0001074131068889983,12582912,"[1.0741311e-04 7.6923263e-04 8.0171507e-04 ... 8.3372498e-01 1.1635273e+00
 3.4187322e+00]"
lemon-mint/gemma-ko-7b-instruct-v0.62,False,0.015501372516155243,3072,4096,6.359319686889648,0.031509359262493486,1.1204664707183838,0.45461001992225647,2.562524976717726,0.00495483177665263,model.layers.25.self_attn.o_proj,3072,365.19512939453125,3072,1.0114742517471313,361.05232413353616,1.0114742517471313,0.0020575907547026873,12582912,[0.00205759 0.00209738 0.00210936 ... 0.79564977 0.95091707 1.0114743 ]
lemon-mint/gemma-ko-7b-instruct-v0.62,False,0.020988166332244873,4096,3072,2.7278199195861816,2.1569970199295088,1.0693714618682861,2.4173946380615234,2.5040456260616715,0.7907402554112632,model.layers.26.self_attn.q_proj,3072,319.18731689453125,3072,6.176468849182129,51.67796109532669,6.176468849182129,0.000721538788639009,12582912,"[7.2153879e-04 7.3196640e-04 7.4477517e-04 ... 2.2995098e+00 2.7819190e+00
 6.1764688e+00]"
lemon-mint/gemma-ko-7b-instruct-v0.62,False,0.019689396023750305,4096,3072,2.8602869510650635,2.3606615778635853,1.074083924293518,2.504722833633423,2.5053437692075815,0.825323339319002,model.layers.26.self_attn.k_proj,3072,320.142822265625,3072,6.688416957855225,47.865260835694855,6.688416957855225,0.0007784234476275742,12582912,"[7.7842345e-04 8.0362562e-04 8.0954365e-04 ... 1.9818957e+00 2.1452253e+00
 6.6884170e+00]"
lemon-mint/gemma-ko-7b-instruct-v0.62,False,0.06821167469024658,4096,3072,3.371150016784668,2.6917244713772126,1.099504828453064,2.805264472961426,2.6689822894794166,0.7984588220563743,model.layers.26.self_attn.v_proj,3072,466.6403503417969,3072,6.287222385406494,74.22043022129027,6.287222385406494,0.0014440302038565278,12582912,"[1.4440302e-03 1.4804440e-03 1.5369541e-03 ... 2.6416316e+00 3.0589700e+00
 6.2872224e+00]"
lemon-mint/gemma-ko-7b-instruct-v0.62,False,0.0643431544303894,3072,4096,2.9184579849243164,1.9513638496854502,1.1068073511123657,2.0776240825653076,2.5256129165063905,0.6686283851833674,model.layers.26.self_attn.o_proj,3072,335.4385070800781,3072,4.662602424621582,71.94233531659144,4.662602424621582,0.000902338360901922,12582912,"[9.0233836e-04 9.5088081e-04 9.7773445e-04 ... 1.3663986e+00 1.6471837e+00
 4.6626024e+00]"
lemon-mint/gemma-ko-7b-instruct-v0.62,False,0.013700306415557861,4096,3072,3.147306442260742,3.5489369458767555,1.0688353776931763,3.676375389099121,2.81141511492748,1.1276108669378626,model.layers.27.self_attn.q_proj,3072,647.761474609375,3072,13.415623664855957,48.28411192736972,13.415623664855957,0.0007878029136918485,12582912,"[7.8780291e-04 8.0911652e-04 8.5252378e-04 ... 5.3576908e+00 6.0584664e+00
 1.3415624e+01]"
lemon-mint/gemma-ko-7b-instruct-v0.62,False,0.017733752727508545,4096,3072,3.396070957183838,3.755392830364924,1.073988437652588,3.82962703704834,2.816344847960275,1.105805172421677,model.layers.27.self_attn.k_proj,3072,655.1561889648438,3072,12.758663177490234,51.34990867387409,12.758663177490234,0.000818222644738853,12582912,"[8.1822264e-04 8.5704058e-04 8.7109313e-04 ... 4.2237248e+00 4.4425364e+00
 1.2758663e+01]"
lemon-mint/gemma-ko-7b-instruct-v0.62,False,0.03434574604034424,4096,3072,3.576279401779175,3.0589661117131444,1.0718857049942017,3.1810359954833984,2.5538019424868548,0.8553487488117761,model.layers.27.self_attn.v_proj,3072,357.93316650390625,3072,7.167187213897705,49.94053536230328,7.167187213897705,0.00010048783587990329,12582912,"[1.00487836e-04 1.18299591e-04 1.24590137e-04 ... 3.06904268e+00
 4.33746433e+00 7.16718721e+00]"
lemon-mint/gemma-ko-7b-instruct-v0.62,False,0.016852378845214844,3072,4096,3.349367618560791,1.4752992176399176,1.07631516456604,2.0731725692749023,2.458347878378637,0.4404709741219291,model.layers.27.self_attn.o_proj,3072,287.30810546875,3072,2.7572171688079834,104.20220384488638,2.7572171688079834,0.00010761464363895357,12582912,"[1.07614644e-04 1.13496018e-04 1.23319594e-04 ... 2.21867466e+00
 2.41719294e+00 2.75721717e+00]"
