model_id,is_adapter,source_model,D,M,N,alpha,alpha_weighted,entropy,log_alpha_norm,log_norm,log_spectral_norm,longname,matrix_rank,norm,num_evals,spectral_norm,stable_rank,xmax,xmin,params
Grigorij/mistral_instruct_generation,True,mistralai/Mistral-7B-Instruct-v0.2,0.026362240314483643,4096,4096,1.4225032329559326,2.531550782731013,0.5892032384872437,2.991866111755371,2.464471890748194,1.7796450117519258,model.layers.0.self_attn.q_proj,2025,291.3881530761719,2086,60.20672607421875,4.839794024291711,60.20672607421875,1.0007701348513365e-05,16777216
Grigorij/mistral_instruct_generation,True,mistralai/Mistral-7B-Instruct-v0.2,0.022572755813598633,1024,4096,1.4459646940231323,1.6736046072608084,0.5805509090423584,2.1765151023864746,1.9102777105428084,1.1574311697779491,model.layers.0.self_attn.k_proj,968,81.33504486083984,968,14.369153022766113,5.660392420623172,14.369153022766113,1.0295218089595437e-05,4194304
Grigorij/mistral_instruct_generation,True,mistralai/Mistral-7B-Instruct-v0.2,0.033818237483501434,1024,4096,4.919118404388428,-3.3860756919960466,0.9657233357429504,-3.107930898666382,1.2159552838985164,-0.688350109437348,model.layers.0.self_attn.v_proj,1024,16.44202423095703,1024,0.20495092868804932,80.22419969603078,0.20495092868804932,0.0005005701677873731,4194304
Grigorij/mistral_instruct_generation,True,mistralai/Mistral-7B-Instruct-v0.2,0.03954365849494934,4096,4096,3.0703110694885254,-0.36746768040988337,1.0881460905075073,0.1891922950744629,1.8158462435523428,-0.11968418576919594,model.layers.0.self_attn.o_proj,3935,65.44044494628906,3935,0.7591294050216675,86.20459767912854,0.7591294050216675,1.031245119520463e-05,16777216
Grigorij/mistral_instruct_generation,True,mistralai/Mistral-7B-Instruct-v0.2,0.02014791965484619,14336,4096,2.375948667526245,1.422801474793543,1.134230375289917,2.6161766052246094,2.7790284600950432,0.5988351071047819,model.layers.0.mlp.gate_proj,4096,601.213134765625,4096,3.970407724380493,151.4235253658824,3.970407724380493,0.000270043354248628,58720256
Grigorij/mistral_instruct_generation,True,mistralai/Mistral-7B-Instruct-v0.2,0.04817086458206177,14336,4096,3.251849889755249,0.6500929475959827,1.1633644104003906,1.926803708076477,2.726939612786755,0.19991480838154926,model.layers.0.mlp.up_proj,4096,533.2607421875,4096,1.5845823287963867,336.5307895314931,1.5845823287963867,0.00033672756399028003,58720256
Grigorij/mistral_instruct_generation,True,mistralai/Mistral-7B-Instruct-v0.2,0.030801892280578613,4096,14336,4.040741920471191,0.9096513746670821,1.1866832971572876,1.462436556816101,2.6956750400324028,0.22511988950806527,model.layers.0.mlp.down_proj,4096,496.22088623046875,4096,1.6792675256729126,295.49841144675514,1.6792675256729126,0.00996958464384079,58720256
Grigorij/mistral_instruct_generation,True,mistralai/Mistral-7B-Instruct-v0.2,0.04957163333892822,4096,4096,2.953185558319092,2.835836328988762,0.9437538385391235,3.1947860717773438,2.431215003662615,0.9602635096871044,model.layers.1.self_attn.q_proj,3083,269.90753173828125,3083,9.125643730163574,29.5768210681005,9.125643730163574,1.0068514711747412e-05,16777216
Grigorij/mistral_instruct_generation,True,mistralai/Mistral-7B-Instruct-v0.2,0.04194796085357666,1024,4096,2.966811180114746,1.920573379272978,0.8343635201454163,2.270004987716675,2.0061299363288887,0.6473527510431913,model.layers.1.self_attn.k_proj,967,101.42147827148438,967,4.439691066741943,22.844264780322266,4.439691066741943,1.1251518117205705e-05,4194304
Grigorij/mistral_instruct_generation,True,mistralai/Mistral-7B-Instruct-v0.2,0.11262178421020508,1024,4096,4.305690288543701,-4.464805961194704,1.0129566192626953,-2.867114782333374,1.3989077028092227,-1.0369547417459095,model.layers.1.self_attn.v_proj,1024,25.055767059326172,1024,0.09184283018112183,272.8113562040072,0.09184283018112183,0.0021153741981834173,4194304
Grigorij/mistral_instruct_generation,True,mistralai/Mistral-7B-Instruct-v0.2,0.025550425052642822,4096,4096,3.613071918487549,-0.09762917752803356,1.1383296251296997,0.05989079549908638,2.001606543965918,-0.02702109997547507,model.layers.1.self_attn.o_proj,4021,100.37060546875,4021,0.9396776556968689,106.81386841566935,0.9396776556968689,1.0227511666016653e-05,16777216
Grigorij/mistral_instruct_generation,True,mistralai/Mistral-7B-Instruct-v0.2,0.019746363162994385,14336,4096,2.6848089694976807,1.9519218549117294,1.1589066982269287,2.4463300704956055,2.7700096130338445,0.727024483711006,model.layers.1.mlp.gate_proj,4096,588.856689453125,4096,5.333649635314941,110.40408157937696,5.333649635314941,0.00044780512689612806,58720256
Grigorij/mistral_instruct_generation,True,mistralai/Mistral-7B-Instruct-v0.2,0.05911153554916382,14336,4096,3.409170150756836,-0.07850754060886789,1.178423523902893,1.4952943325042725,2.7154043771070295,-0.02302834330267711,model.layers.1.mlp.up_proj,4096,519.2833251953125,4096,0.948356568813324,547.5612678521227,0.948356568813324,0.00039309257408604026,58720256
Grigorij/mistral_instruct_generation,True,mistralai/Mistral-7B-Instruct-v0.2,0.024047136306762695,4096,14336,5.267331123352051,0.0173118587743247,1.1942088603973389,0.47129103541374207,2.7015831091970677,0.003286647140441722,model.layers.1.mlp.down_proj,4096,503.01751708984375,4096,1.007596492767334,499.2251567969644,1.007596492767334,0.008134769275784492,58720256
Grigorij/mistral_instruct_generation,True,mistralai/Mistral-7B-Instruct-v0.2,0.027713388204574585,4096,4096,3.846137762069702,2.2480705549001545,1.1138596534729004,2.3428590297698975,2.495137985576946,0.5845007885756053,model.layers.2.self_attn.q_proj,3995,312.707275390625,3995,3.8414995670318604,81.4023976663464,3.8414995670318604,1.1059331882279366e-05,16777216
Grigorij/mistral_instruct_generation,True,mistralai/Mistral-7B-Instruct-v0.2,0.033875346183776855,1024,4096,5.699670791625977,1.5540972547524166,0.9859283566474915,1.573334813117981,2.119507614868858,0.2726643891495829,model.layers.2.self_attn.k_proj,1024,131.67630004882812,1024,1.8735461235046387,70.28185663372707,1.8735461235046387,1.0092277079820633e-05,4194304
Grigorij/mistral_instruct_generation,True,mistralai/Mistral-7B-Instruct-v0.2,0.08048301935195923,1024,4096,9.545092582702637,-10.90588765042801,1.0210886001586914,-10.030905723571777,1.3259942428179714,-1.1425648893329092,model.layers.2.self_attn.v_proj,1024,21.183330535888672,1024,0.07201701402664185,294.14341627732784,0.07201701402664185,0.0023560451809316874,4194304
Grigorij/mistral_instruct_generation,True,mistralai/Mistral-7B-Instruct-v0.2,0.01866781711578369,4096,4096,4.057747840881348,-0.3556021104377381,1.1371254920959473,-0.2712985575199127,1.9400394880879772,-0.08763533969634271,model.layers.2.self_attn.o_proj,4014,87.10427856445312,4014,0.8172683119773865,106.57978204698003,0.8172683119773865,1.0223418939858675e-05,16777216
Grigorij/mistral_instruct_generation,True,mistralai/Mistral-7B-Instruct-v0.2,0.030913710594177246,14336,4096,3.9429640769958496,2.099559407651872,1.183172583580017,2.2255048751831055,2.759009782638248,0.5324825097700432,model.layers.2.mlp.gate_proj,4096,574.12939453125,4096,3.4078660011291504,168.47182205550922,3.4078660011291504,0.0005968118202872574,58720256
Grigorij/mistral_instruct_generation,True,mistralai/Mistral-7B-Instruct-v0.2,0.014029204845428467,14336,4096,9.395845413208008,-1.734697576235795,1.192191481590271,-1.3862147331237793,2.7046401007056007,-0.18462389491820302,model.layers.2.mlp.up_proj,4096,506.57073974609375,4096,0.6536964178085327,774.9327148591902,0.6536964178085327,0.0006545876967720687,58720256
Grigorij/mistral_instruct_generation,True,mistralai/Mistral-7B-Instruct-v0.2,0.011823832988739014,4096,14336,4.3818864822387695,0.07799743116485279,1.1897324323654175,1.0327177047729492,2.6975175797659574,0.017799966174614996,model.layers.2.mlp.down_proj,4096,498.33062744140625,4096,1.041837453842163,478.3189792261996,1.041837453842163,0.009951821528375149,58720256
Grigorij/mistral_instruct_generation,True,mistralai/Mistral-7B-Instruct-v0.2,0.02822136878967285,4096,4096,2.9057140350341797,2.183280959845131,1.0923641920089722,2.4434661865234375,2.496301462208037,0.7513750264208119,model.layers.3.self_attn.q_proj,3941,313.546142578125,3941,5.6412458419799805,55.58101018126799,5.6412458419799805,1.0677150385163259e-05,16777216
Grigorij/mistral_instruct_generation,True,mistralai/Mistral-7B-Instruct-v0.2,0.04230356216430664,1024,4096,3.83585786819458,1.7202485563323875,0.9533712863922119,1.9128389358520508,2.140793103597094,0.4484651453318982,model.layers.3.self_attn.k_proj,1024,138.29074096679688,1024,2.8084399700164795,49.24112405578155,2.8084399700164795,1.1848346730403136e-05,4194304
Grigorij/mistral_instruct_generation,True,mistralai/Mistral-7B-Instruct-v0.2,0.06352239847183228,1024,4096,6.164959907531738,-6.478183317974163,1.0279452800750732,-5.280176639556885,1.427076914059616,-1.050807047432662,model.layers.3.self_attn.v_proj,1024,26.734798431396484,1024,0.08895962685346603,300.52732207874413,0.08895962685346603,0.003320727963000536,4194304
Grigorij/mistral_instruct_generation,True,mistralai/Mistral-7B-Instruct-v0.2,0.027295351028442383,4096,4096,3.9822182655334473,-0.6861467984409687,1.1497747898101807,-0.4995875954627991,2.033073129480541,-0.17230265964566718,model.layers.3.self_attn.o_proj,4032,107.912841796875,4032,0.6725078225135803,160.46332575513776,0.6725078225135803,1.0571497114142403e-05,16777216
Grigorij/mistral_instruct_generation,True,mistralai/Mistral-7B-Instruct-v0.2,0.022111892700195312,14336,4096,3.530496835708618,1.686593262623927,1.1825108528137207,2.037320613861084,2.758440463653466,0.4777212220005871,model.layers.3.mlp.gate_proj,4096,573.3772583007812,4096,3.0041472911834717,190.86189947594133,3.0041472911834717,0.0010628442978486419,58720256
Grigorij/mistral_instruct_generation,True,mistralai/Mistral-7B-Instruct-v0.2,0.02154037356376648,14336,4096,9.261467933654785,-1.6425271133175514,1.1939480304718018,-1.4369992017745972,2.6967352182046636,-0.17735062358191128,model.layers.3.mlp.up_proj,4096,497.4337158203125,4096,0.664736270904541,748.3173968278107,0.664736270904541,0.0009165814844891429,58720256
Grigorij/mistral_instruct_generation,True,mistralai/Mistral-7B-Instruct-v0.2,0.025556117296218872,4096,14336,6.274514675140381,-0.10804011428692929,1.1895105838775635,0.3892146348953247,2.6948006390902375,-0.01721887984659341,model.layers.3.mlp.down_proj,4096,495.2228088378906,4096,0.961127758026123,515.2518015450248,0.961127758026123,0.008921404369175434,58720256
Grigorij/mistral_instruct_generation,True,mistralai/Mistral-7B-Instruct-v0.2,0.03246372938156128,4096,4096,4.4376068115234375,2.525992365087488,1.099597692489624,2.6011040210723877,2.437729472613121,0.569224014738771,model.layers.4.self_attn.q_proj,4002,273.9866943359375,4002,3.7087197303771973,73.87635471394101,3.7087197303771973,1.0115501027030405e-05,16777216
Grigorij/mistral_instruct_generation,True,mistralai/Mistral-7B-Instruct-v0.2,0.06386297941207886,1024,4096,3.9484622478485107,0.8429252560656089,0.9670735597610474,1.143808364868164,2.055039707181199,0.21348190843787676,model.layers.4.self_attn.k_proj,1024,113.51145935058594,1024,1.6348650455474854,69.43169998021035,1.6348650455474854,0.0001617088564671576,4194304
Grigorij/mistral_instruct_generation,True,mistralai/Mistral-7B-Instruct-v0.2,0.08696004748344421,1024,4096,5.951874732971191,-6.20723942232099,1.0221526622772217,-4.950723648071289,1.4145645236937971,-1.0429049166534323,model.layers.4.self_attn.v_proj,1024,25.975536346435547,1024,0.09059309214353561,286.7275609191033,0.09059309214353561,0.003200910519808531,4194304
Grigorij/mistral_instruct_generation,True,mistralai/Mistral-7B-Instruct-v0.2,0.0429500937461853,4096,4096,3.4973411560058594,-1.0306388362921077,1.136823058128357,-0.20342190563678741,2.01932493720701,-0.29469210760929865,model.layers.4.self_attn.o_proj,4024,104.55021667480469,4024,0.5073502659797668,206.07107886876352,0.5073502659797668,1.0280205060553271e-05,16777216
Grigorij/mistral_instruct_generation,True,mistralai/Mistral-7B-Instruct-v0.2,0.02526247501373291,14336,4096,3.218669891357422,2.0955856580840058,1.1804677248001099,2.3820149898529053,2.7728610535405087,0.6510719423917768,model.layers.4.mlp.gate_proj,4096,592.7356567382812,4096,4.477874755859375,132.36986049301103,4.477874755859375,0.0024380080867558718,58720256
Grigorij/mistral_instruct_generation,True,mistralai/Mistral-7B-Instruct-v0.2,0.027137890458106995,14336,4096,7.600184917449951,-1.6940123826775066,1.1955626010894775,-1.055775761604309,2.6846244849126952,-0.2228909429279899,model.layers.4.mlp.up_proj,4096,483.75390625,4096,0.5985618829727173,808.1936388055129,0.5985618829727173,0.0018252107547596097,58720256
Grigorij/mistral_instruct_generation,True,mistralai/Mistral-7B-Instruct-v0.2,0.019807398319244385,4096,14336,5.750174522399902,-0.0859388178376118,1.1918725967407227,0.30271294713020325,2.6817794974920046,-0.014945427743599029,model.layers.4.mlp.down_proj,4096,480.59527587890625,4096,0.9661722779273987,497.4219265635147,0.9661722779273987,0.010721353814005852,58720256
Grigorij/mistral_instruct_generation,True,mistralai/Mistral-7B-Instruct-v0.2,0.029241204261779785,4096,4096,4.565019607543945,2.4917428409437314,1.114089012145996,2.541205406188965,2.456976475111061,0.5458339843329456,model.layers.5.self_attn.q_proj,4025,286.40228271484375,4025,3.514260768890381,81.49716300229893,3.514260768890381,1.0046329407487065e-05,16777216
Grigorij/mistral_instruct_generation,True,mistralai/Mistral-7B-Instruct-v0.2,0.04141347110271454,1024,4096,5.1139116287231445,1.040583735165296,0.9794998168945312,1.163170337677002,2.0803130094611526,0.2034809771292649,model.layers.5.self_attn.k_proj,1024,120.31312561035156,1024,1.5976475477218628,75.30642523872673,1.5976475477218628,0.0008051421027630568,4194304
Grigorij/mistral_instruct_generation,True,mistralai/Mistral-7B-Instruct-v0.2,0.043526649475097656,1024,4096,8.628911972045898,-9.611225820255305,1.0297988653182983,-8.921059608459473,1.357029533710552,-1.1138398272449292,model.layers.5.self_attn.v_proj,1024,22.752521514892578,1024,0.07694141566753387,295.7122807982491,0.07694141566753387,0.0026117090601474047,4194304
Grigorij/mistral_instruct_generation,True,mistralai/Mistral-7B-Instruct-v0.2,0.03306272625923157,4096,4096,4.370204925537109,-1.8724863056769592,1.1487548351287842,-1.2061084508895874,2.016038625867635,-0.4284664764197129,model.layers.5.self_attn.o_proj,4027,103.76206970214844,4027,0.3728494644165039,278.29480689889783,0.3728494644165039,1.0150611160497647e-05,16777216
Grigorij/mistral_instruct_generation,True,mistralai/Mistral-7B-Instruct-v0.2,0.01467558741569519,14336,4096,3.2611334323883057,2.468354923335712,1.1796494722366333,2.5742833614349365,2.789358011542549,0.756900928622231,model.layers.5.mlp.gate_proj,4096,615.6842041015625,4096,5.713482856750488,107.759875987749,5.713482856750488,0.0014749031979590654,58720256
Grigorij/mistral_instruct_generation,True,mistralai/Mistral-7B-Instruct-v0.2,0.01288604736328125,14336,4096,7.730987548828125,-1.2799902538326462,1.1954944133758545,-1.0532435178756714,2.672000644474169,-0.1655662029913202,model.layers.5.mlp.up_proj,4096,469.8948059082031,4096,0.6830205917358398,687.9657972155784,0.6830205917358398,0.001654622028581798,58720256
Grigorij/mistral_instruct_generation,True,mistralai/Mistral-7B-Instruct-v0.2,0.022507131099700928,4096,14336,4.590116500854492,-0.3881740027229137,1.1900650262832642,0.626278817653656,2.6695773906403537,-0.08456735306187796,model.layers.5.mlp.down_proj,4096,467.28021240234375,4096,0.8230621814727783,567.733790861582,0.8230621814727783,0.007303489837795496,58720256
Grigorij/mistral_instruct_generation,True,mistralai/Mistral-7B-Instruct-v0.2,0.02542462944984436,4096,4096,3.849483013153076,2.2925342971871383,1.108604073524475,2.3715078830718994,2.439704214456279,0.5955434247544178,model.layers.6.self_attn.q_proj,4014,275.2353515625,4014,3.9404282569885254,69.84909598959398,3.9404282569885254,1.0255565030092839e-05,16777216
Grigorij/mistral_instruct_generation,True,mistralai/Mistral-7B-Instruct-v0.2,0.02979367971420288,1024,4096,5.144304275512695,1.5557496267304056,0.9734405279159546,1.5967516899108887,2.08315724334026,0.3024217743370857,model.layers.6.self_attn.k_proj,1024,121.10365295410156,1024,2.0064196586608887,60.358087318047794,2.0064196586608887,0.0004056223842781037,4194304
Grigorij/mistral_instruct_generation,True,mistralai/Mistral-7B-Instruct-v0.2,0.06017938256263733,1024,4096,5.236324787139893,-5.442659407732265,1.0243711471557617,-4.282223701477051,1.3798313457064129,-1.039404473362523,model.layers.6.self_attn.v_proj,1024,23.979015350341797,1024,0.09132622927427292,262.5643863859472,0.09132622927427292,0.0023863976821303368,4194304
Grigorij/mistral_instruct_generation,True,mistralai/Mistral-7B-Instruct-v0.2,0.03270924091339111,4096,4096,4.089841842651367,-1.965512357232438,1.1419507265090942,-0.8246152997016907,2.0242259482143976,-0.4805839523511338,model.layers.6.self_attn.o_proj,4025,105.73674774169922,4025,0.33068618178367615,319.7495195335034,0.33068618178367615,1.0129306247108616e-05,16777216
Grigorij/mistral_instruct_generation,True,mistralai/Mistral-7B-Instruct-v0.2,0.00915682315826416,14336,4096,3.7720117568969727,2.619441304152789,1.1843565702438354,2.6651992797851562,2.789884664376199,0.6944414474221203,model.layers.6.mlp.gate_proj,4096,616.4312744140625,4096,4.948133945465088,124.57853429352194,4.948133945465088,0.001439237268641591,58720256
Grigorij/mistral_instruct_generation,True,mistralai/Mistral-7B-Instruct-v0.2,0.010964572429656982,14336,4096,6.855345249176025,-0.9081796125143234,1.1953190565109253,-0.5891174077987671,2.6787767615632223,-0.13247758931229345,model.layers.6.mlp.up_proj,4096,477.28387451171875,4096,0.7370932102203369,647.5217352348773,0.7370932102203369,0.0015796652296558022,58720256
Grigorij/mistral_instruct_generation,True,mistralai/Mistral-7B-Instruct-v0.2,0.014079093933105469,4096,14336,4.320923805236816,0.45684162658476113,1.1876769065856934,1.120112419128418,2.6755451104890695,0.10572776729621666,model.layers.6.mlp.down_proj,4096,473.7455139160156,4096,1.2756389379501343,371.3790006107,1.2756389379501343,0.010425874032080173,58720256
Grigorij/mistral_instruct_generation,True,mistralai/Mistral-7B-Instruct-v0.2,0.04874825477600098,4096,4096,4.952323913574219,2.669324355008942,1.100315809249878,2.7274250984191895,2.4270190692769202,0.5390043950260156,model.layers.7.self_attn.q_proj,4021,267.3123779296875,4021,3.4594287872314453,77.27066934180645,3.4594287872314453,1.038041682477342e-05,16777216
Grigorij/mistral_instruct_generation,True,mistralai/Mistral-7B-Instruct-v0.2,0.06126771867275238,1024,4096,6.8557562828063965,1.6757039150280242,0.9594489932060242,1.7295000553131104,2.0774343900916605,0.2444229120615817,model.layers.7.self_attn.k_proj,1024,119.51829528808594,1024,1.755589246749878,68.07873510808416,1.755589246749878,0.0008346107206307352,4194304
Grigorij/mistral_instruct_generation,True,mistralai/Mistral-7B-Instruct-v0.2,0.06990721821784973,1024,4096,6.216490268707275,-6.414548895392147,1.0245428085327148,-5.413710594177246,1.4021804097488193,-1.0318602005510833,model.layers.7.self_attn.v_proj,1024,25.24529266357422,1024,0.09292654693126678,271.6693291341916,0.09292654693126678,0.0026319504249840975,4194304
Grigorij/mistral_instruct_generation,True,mistralai/Mistral-7B-Instruct-v0.2,0.04282766580581665,4096,4096,3.774846076965332,-1.4152502757735987,1.1362539529800415,-0.4091198146343231,2.0359881075510655,-0.3749160222478116,model.layers.7.self_attn.o_proj,4017,108.63958740234375,4017,0.4217780530452728,257.57524986887495,0.4217780530452728,1.0082881999551319e-05,16777216
Grigorij/mistral_instruct_generation,True,mistralai/Mistral-7B-Instruct-v0.2,0.017776429653167725,14336,4096,3.3730340003967285,2.548108713758177,1.1808531284332275,2.622586965560913,2.796202098584763,0.755435229368715,model.layers.7.mlp.gate_proj,4096,625.4636840820312,4096,5.694232940673828,109.84160476020443,5.694232940673828,0.0051252832636237144,58720256
Grigorij/mistral_instruct_generation,True,mistralai/Mistral-7B-Instruct-v0.2,0.023232638835906982,14336,4096,6.713768005371094,-0.7737526099482023,1.1937692165374756,-0.4440777897834778,2.6757805226433575,-0.11524863673114577,model.layers.7.mlp.up_proj,4096,474.00238037109375,4096,0.7669222950935364,618.0578963521759,0.7669222950935364,0.0037686319556087255,58720256
Grigorij/mistral_instruct_generation,True,mistralai/Mistral-7B-Instruct-v0.2,0.02506202459335327,4096,14336,5.1516804695129395,-0.014398161185085322,1.1877554655075073,0.704853892326355,2.67157792048912,-0.0027948474813785534,model.layers.7.mlp.down_proj,4096,469.4376525878906,4096,0.9935852885246277,472.46840106193343,0.9935852885246277,0.007908795960247517,58720256
Grigorij/mistral_instruct_generation,True,mistralai/Mistral-7B-Instruct-v0.2,0.04429483413696289,4096,4096,3.773937940597534,1.9938456531230695,1.1059305667877197,2.1203391551971436,2.411553227314136,0.5283196715225742,model.layers.8.self_attn.q_proj,4018,257.96051025390625,4018,3.375356674194336,76.42466712513541,3.375356674194336,1.005951617116807e-05,16777216
Grigorij/mistral_instruct_generation,True,mistralai/Mistral-7B-Instruct-v0.2,0.04447066783905029,1024,4096,5.71669340133667,1.4073287572751343,0.9645882248878479,1.4516245126724243,2.048678756935693,0.24617880625644092,model.layers.8.self_attn.k_proj,1024,111.86101531982422,1024,1.7627016305923462,63.459982891281456,1.7627016305923462,0.00027319544460624456,4194304
Grigorij/mistral_instruct_generation,True,mistralai/Mistral-7B-Instruct-v0.2,0.07197630405426025,1024,4096,3.632319927215576,-3.7076427622401202,1.0165765285491943,-2.030925989151001,1.4166710124342654,-1.0207368394122387,model.layers.8.self_attn.v_proj,1024,26.10183334350586,1024,0.09533736854791641,273.7838660859107,0.09533736854791641,0.002020130632445216,4194304
Grigorij/mistral_instruct_generation,True,mistralai/Mistral-7B-Instruct-v0.2,0.03462207317352295,4096,4096,5.266674995422363,-2.188362231213989,1.1342262029647827,-1.355252742767334,2.0550633504693403,-0.41551115896007407,model.layers.8.self_attn.o_proj,4021,113.51763916015625,4021,0.38413938879966736,295.51158373752935,0.38413938879966736,1.011974109133007e-05,16777216
Grigorij/mistral_instruct_generation,True,mistralai/Mistral-7B-Instruct-v0.2,0.011292576789855957,14336,4096,3.783386468887329,2.7685090879532326,1.1819617748260498,2.806440830230713,2.7945742397925852,0.7317542394148896,model.layers.8.mlp.gate_proj,4096,623.1236572265625,4096,5.392054080963135,115.56331740561093,5.392054080963135,0.006719992030411959,58720256
Grigorij/mistral_instruct_generation,True,mistralai/Mistral-7B-Instruct-v0.2,0.015623211860656738,14336,4096,6.199707508087158,-0.5922969772750148,1.1926785707473755,-0.11885863542556763,2.683952124838889,-0.09553627755864254,model.layers.8.mlp.up_proj,4096,483.00555419921875,4096,0.8025345206260681,601.8501905966855,0.8025345206260681,0.00474586384370923,58720256
Grigorij/mistral_instruct_generation,True,mistralai/Mistral-7B-Instruct-v0.2,0.044704943895339966,4096,14336,4.105086326599121,0.21260873881550096,1.1867722272872925,0.9866506457328796,2.6787219146566494,0.05179153905677733,model.layers.8.mlp.down_proj,4096,477.2236022949219,4096,1.1266565322875977,423.575054702743,1.1266565322875977,0.007846195250749588,58720256
Grigorij/mistral_instruct_generation,True,mistralai/Mistral-7B-Instruct-v0.2,0.040466368198394775,4096,4096,3.4941656589508057,1.468946113391465,1.1060386896133423,1.7788028717041016,2.393666737284155,0.42039967670924505,model.layers.9.self_attn.q_proj,4030,247.5521697998047,4030,2.6326897144317627,94.03013520460998,2.6326897144317627,1.0005568583437707e-05,16777216
Grigorij/mistral_instruct_generation,True,mistralai/Mistral-7B-Instruct-v0.2,0.04566371440887451,1024,4096,6.214579105377197,0.8264658173023776,0.9729215502738953,0.8911682963371277,2.046906403243301,0.13298822064832574,model.layers.9.self_attn.k_proj,1024,111.40544128417969,1024,1.358276605606079,82.01970115981587,1.358276605606079,0.0020726483780890703,4194304
Grigorij/mistral_instruct_generation,True,mistralai/Mistral-7B-Instruct-v0.2,0.06503307819366455,1024,4096,5.7756667137146,-5.847135906171927,1.0148900747299194,-4.821495532989502,1.347988548110482,-1.0123741891628926,model.layers.9.self_attn.v_proj,1024,22.283763885498047,1024,0.09719094634056091,229.2781861328406,0.09719094634056091,0.0015140122268348932,4194304
Grigorij/mistral_instruct_generation,True,mistralai/Mistral-7B-Instruct-v0.2,0.05246388912200928,4096,4096,3.7160794734954834,-1.7343321075423408,1.1313642263412476,-0.30742117762565613,2.036940158492256,-0.46671017665587305,model.layers.9.self_attn.o_proj,4014,108.87800598144531,4014,0.3414206802845001,318.896927657455,0.3414206802845001,1.0382409527665004e-05,16777216
Grigorij/mistral_instruct_generation,True,mistralai/Mistral-7B-Instruct-v0.2,0.01403963565826416,14336,4096,3.597660779953003,2.7146043362776946,1.1805555820465088,2.7599496841430664,2.785064203477124,0.7545470521857139,model.layers.9.mlp.gate_proj,4096,609.6270141601562,4096,5.6825995445251465,107.27960141894854,5.6825995445251465,0.005440045148134232,58720256
Grigorij/mistral_instruct_generation,True,mistralai/Mistral-7B-Instruct-v0.2,0.019878476858139038,14336,4096,5.006689548492432,-0.5398624562071428,1.1916613578796387,0.44957786798477173,2.6918973208576142,-0.10782822681100754,model.layers.9.mlp.up_proj,4096,491.9232177734375,4096,0.7801386117935181,630.5587370461244,0.7801386117935181,0.005171564873307943,58720256
Grigorij/mistral_instruct_generation,True,mistralai/Mistral-7B-Instruct-v0.2,0.04800832271575928,4096,14336,3.6667003631591797,0.22069915206885116,1.1831780672073364,1.3004006147384644,2.6851697897221793,0.060190124692572296,model.layers.9.mlp.down_proj,4096,484.3616943359375,4096,1.1486563682556152,421.6767587955865,1.1486563682556152,0.004826109856367111,58720256
Grigorij/mistral_instruct_generation,True,mistralai/Mistral-7B-Instruct-v0.2,0.033841609954833984,4096,4096,3.9886326789855957,2.0577523813500673,1.1048133373260498,2.170591115951538,2.417488063517691,0.5159042075224141,model.layers.10.self_attn.q_proj,4025,261.5098571777344,4025,3.280229330062866,79.72304094138518,3.280229330062866,1.0095951438415796e-05,16777216
Grigorij/mistral_instruct_generation,True,mistralai/Mistral-7B-Instruct-v0.2,0.048472851514816284,1024,4096,6.808200359344482,1.5435031762703069,0.9708354473114014,1.563443660736084,2.0901881132128293,0.22671236080057444,model.layers.10.self_attn.k_proj,1024,123.0801773071289,1024,1.6854363679885864,73.02570399261872,1.6854363679885864,0.0013975268229842186,4194304
Grigorij/mistral_instruct_generation,True,mistralai/Mistral-7B-Instruct-v0.2,0.051317453384399414,1024,4096,7.859102249145508,-8.160391541559619,1.0152018070220947,-7.3795247077941895,1.352123425054221,-1.0383363497334406,model.layers.10.self_attn.v_proj,1024,22.496938705444336,1024,0.09155111759901047,245.73090198614346,0.09155111759901047,0.0016414509154856205,4194304
Grigorij/mistral_instruct_generation,True,mistralai/Mistral-7B-Instruct-v0.2,0.04018417000770569,4096,4096,4.215542793273926,-2.0209586296994364,1.1372991800308228,-0.8563838601112366,2.0348158514430503,-0.47940650322040623,model.layers.10.self_attn.o_proj,4016,108.34674072265625,4016,0.3315839469432831,326.7550848629858,0.3315839469432831,1.0103319254994858e-05,16777216
Grigorij/mistral_instruct_generation,True,mistralai/Mistral-7B-Instruct-v0.2,0.021370142698287964,14336,4096,3.6801865100860596,2.5224696849065498,1.1809778213500977,2.5884389877319336,2.7787536951437533,0.6854189802591182,model.layers.10.mlp.gate_proj,4096,600.8328857421875,4096,4.8463969230651855,123.9751706845713,4.8463969230651855,0.007289704866707325,58720256
Grigorij/mistral_instruct_generation,True,mistralai/Mistral-7B-Instruct-v0.2,0.03060680627822876,14336,4096,4.993281364440918,-0.6702077156651933,1.1913303136825562,0.5167891383171082,2.695993696268321,-0.13422190074006263,model.layers.10.mlp.up_proj,4096,496.5851135253906,4096,0.7341386675834656,676.4186868946431,0.7341386675834656,0.00587239395827055,58720256
Grigorij/mistral_instruct_generation,True,mistralai/Mistral-7B-Instruct-v0.2,0.03264564275741577,4096,14336,4.142571926116943,0.5560365428899786,1.1849111318588257,1.2014375925064087,2.6864463137749315,0.13422495802292123,model.layers.10.mlp.down_proj,4096,485.7874755859375,4096,1.3621500730514526,356.632859474646,1.3621500730514526,0.00996787752956152,58720256
Grigorij/mistral_instruct_generation,True,mistralai/Mistral-7B-Instruct-v0.2,0.03774303197860718,4096,4096,5.681033134460449,2.376193888246394,1.1033629179000854,2.422631025314331,2.4063897648312484,0.41826791571284694,model.layers.11.self_attn.q_proj,4027,254.9116973876953,4027,2.6197986602783203,97.30201837747875,2.6197986602783203,1.0045859198726248e-05,16777216
Grigorij/mistral_instruct_generation,True,mistralai/Mistral-7B-Instruct-v0.2,0.044433027505874634,1024,4096,7.520395278930664,1.0104324271072775,0.9607944488525391,1.0500953197479248,2.0488630179684857,0.13435895184101979,model.layers.11.self_attn.k_proj,1024,111.90848541259766,1024,1.3625704050064087,82.13042423453437,1.3625704050064087,0.001495986944064498,4194304
Grigorij/mistral_instruct_generation,True,mistralai/Mistral-7B-Instruct-v0.2,0.07580065727233887,1024,4096,8.549825668334961,-8.093611149489066,1.0095831155776978,-7.387330532073975,1.419090554964997,-0.9466404887604286,model.layers.11.self_attn.v_proj,1024,26.247657775878906,1024,0.11307315528392792,232.12987830728483,0.11307315528392792,0.0009944710182026029,4194304
Grigorij/mistral_instruct_generation,True,mistralai/Mistral-7B-Instruct-v0.2,0.041628122329711914,4096,4096,4.267044544219971,-1.767933273026225,1.1323003768920898,-0.5525729060173035,2.0700173935186976,-0.4143226663572149,model.layers.11.self_attn.o_proj,4012,117.49446105957031,4012,0.38519206643104553,305.0282477212011,0.38519206643104553,1.0262770047120284e-05,16777216
Grigorij/mistral_instruct_generation,True,mistralai/Mistral-7B-Instruct-v0.2,0.023663043975830078,14336,4096,3.6928458213806152,2.644385178133094,1.1804221868515015,2.6923012733459473,2.774666984110763,0.7160832880763103,model.layers.11.mlp.gate_proj,4096,595.20556640625,4096,5.200957298278809,114.44154071467301,5.200957298278809,0.007634022273123264,58720256
Grigorij/mistral_instruct_generation,True,mistralai/Mistral-7B-Instruct-v0.2,0.03242078423500061,14336,4096,4.708025932312012,-0.5053013338561652,1.190567970275879,0.7065742015838623,2.7016447333094025,-0.10732764456291394,model.layers.11.mlp.up_proj,4096,503.0888977050781,4096,0.7810383439064026,644.1282961715473,0.7810383439064026,0.007239817176014185,58720256
Grigorij/mistral_instruct_generation,True,mistralai/Mistral-7B-Instruct-v0.2,0.03352037072181702,4096,14336,4.048299789428711,0.4213182418365072,1.184541940689087,1.2312281131744385,2.6896640679249124,0.10407288584128373,model.layers.11.mlp.down_proj,4096,489.4001159667969,4096,1.2707873582839966,385.1156629600539,1.2707873582839966,0.006771773565560579,58720256
Grigorij/mistral_instruct_generation,True,mistralai/Mistral-7B-Instruct-v0.2,0.0318913459777832,4096,4096,5.347894191741943,2.2958283200844503,1.0997390747070312,2.3484199047088623,2.3858263478422606,0.42929576348567233,model.layers.12.self_attn.q_proj,4025,243.1231689453125,4025,2.687173843383789,90.47541510718294,2.687173843383789,1.050943410518812e-05,16777216
Grigorij/mistral_instruct_generation,True,mistralai/Mistral-7B-Instruct-v0.2,0.0640762448310852,1024,4096,7.647904872894287,1.0203788969852687,0.9654315710067749,1.0414718389511108,2.04049011046021,0.13341940229953653,model.layers.12.self_attn.k_proj,1024,109.7716293334961,1024,1.3596258163452148,80.73664681402651,1.3596258163452148,0.001338252448476851,4194304
Grigorij/mistral_instruct_generation,True,mistralai/Mistral-7B-Instruct-v0.2,0.07137173414230347,1024,4096,10.017727851867676,-10.647883531445414,1.0182908773422241,-9.85633659362793,1.3618138679525396,-1.0629040525851632,model.layers.12.self_attn.v_proj,1024,23.00455665588379,1024,0.08651590347290039,265.8997448150047,0.08651590347290039,0.0015494661638513207,4194304
Grigorij/mistral_instruct_generation,True,mistralai/Mistral-7B-Instruct-v0.2,0.06876084208488464,4096,4096,3.5656769275665283,-1.8239771630519968,1.1308599710464478,-0.290477454662323,2.0358773513876827,-0.51153741634602,model.layers.12.self_attn.o_proj,4008,108.61188507080078,4008,0.30793750286102295,352.70755936414486,0.30793750286102295,1.0456993550178595e-05,16777216
Grigorij/mistral_instruct_generation,True,mistralai/Mistral-7B-Instruct-v0.2,0.022966742515563965,14336,4096,3.8145761489868164,2.805748397613004,1.1796317100524902,2.8368122577667236,2.7652824597199968,0.7355334611312543,model.layers.12.mlp.gate_proj,4096,582.48193359375,4096,5.439180374145508,107.09001973211039,5.439180374145508,0.008184405043721199,58720256
Grigorij/mistral_instruct_generation,True,mistralai/Mistral-7B-Instruct-v0.2,0.030646592378616333,14336,4096,4.766919136047363,-0.5459282047751962,1.190006971359253,0.6982890367507935,2.7037887992266865,-0.11452432676000233,model.layers.12.mlp.up_proj,4096,505.5787353515625,4096,0.7682024240493774,658.1321791286949,0.7682024240493774,0.007093202788382769,58720256
Grigorij/mistral_instruct_generation,True,mistralai/Mistral-7B-Instruct-v0.2,0.03223013877868652,4096,14336,4.172435760498047,0.594022359397579,1.1845029592514038,1.2521264553070068,2.692290071876906,0.14236824567112638,model.layers.12.mlp.down_proj,4096,492.3682861328125,4096,1.3879321813583374,354.7495279279013,1.3879321813583374,0.005691440775990486,58720256
Grigorij/mistral_instruct_generation,True,mistralai/Mistral-7B-Instruct-v0.2,0.046555787324905396,4096,4096,4.189614295959473,2.1644484765769603,1.1074045896530151,2.2447783946990967,2.397010731926743,0.516622372294363,model.layers.13.self_attn.q_proj,4029,249.46563720703125,4029,3.285658121109009,75.92562220771438,3.285658121109009,1.0446004125697073e-05,16777216
Grigorij/mistral_instruct_generation,True,mistralai/Mistral-7B-Instruct-v0.2,0.0482446551322937,1024,4096,5.723880290985107,1.4881738335496137,0.970268189907074,1.5309669971466064,2.059096332175665,0.25999387791065975,model.layers.13.self_attn.k_proj,1024,114.57670593261719,1024,1.8196752071380615,62.96547069672972,1.8196752071380615,0.0015298750950023532,4194304
Grigorij/mistral_instruct_generation,True,mistralai/Mistral-7B-Instruct-v0.2,0.08087116479873657,1024,4096,3.3761110305786133,-3.2223270727902524,1.017370343208313,-1.6744905710220337,1.4297554763784661,-0.9544493778802042,model.layers.13.self_attn.v_proj,1024,26.900197982788086,1024,0.11105819791555405,242.21713018648424,0.11105819791555405,0.0026584123261272907,4194304
Grigorij/mistral_instruct_generation,True,mistralai/Mistral-7B-Instruct-v0.2,0.034860432147979736,4096,4096,3.4765753746032715,-1.4496603295380888,1.1323472261428833,-0.004693598952144384,2.0707712154158506,-0.41697940453930654,model.layers.13.self_attn.o_proj,4014,117.69857788085938,4014,0.38284289836883545,307.4330969239167,0.38284289836883545,1.027648522722302e-05,16777216
Grigorij/mistral_instruct_generation,True,mistralai/Mistral-7B-Instruct-v0.2,0.02338448166847229,14336,4096,4.036052703857422,2.756496893096606,1.1823424100875854,2.779524326324463,2.7561144707364487,0.6829685079340287,model.layers.13.mlp.gate_proj,4096,570.3145751953125,4096,4.819128513336182,118.34392330834433,4.819128513336182,0.006959924940019846,58720256
Grigorij/mistral_instruct_generation,True,mistralai/Mistral-7B-Instruct-v0.2,0.030932873487472534,14336,4096,5.047971248626709,-0.48109659631808627,1.190609335899353,0.5903461575508118,2.7092075972007046,-0.09530493987044156,model.layers.13.mlp.up_proj,4096,511.9264831542969,4096,0.8029621243476868,637.5474852816719,0.8029621243476868,0.007362075615674257,58720256
Grigorij/mistral_instruct_generation,True,mistralai/Mistral-7B-Instruct-v0.2,0.028995484113693237,4096,14336,3.540815830230713,0.5608293538041059,1.1830527782440186,1.490427851676941,2.699886028774628,0.15838986852009282,model.layers.13.mlp.down_proj,4096,501.05572509765625,4096,1.4400907754898071,347.9334314374981,1.4400907754898071,0.005905110854655504,58720256
Grigorij/mistral_instruct_generation,True,mistralai/Mistral-7B-Instruct-v0.2,0.04072126746177673,4096,4096,5.717376708984375,2.5040487153904025,1.0984045267105103,2.5265085697174072,2.3606318207761134,0.4379716158033633,model.layers.14.self_attn.q_proj,4023,229.4202880859375,4023,2.7413949966430664,83.68742496680363,2.7413949966430664,1.0314319297322072e-05,16777216
Grigorij/mistral_instruct_generation,True,mistralai/Mistral-7B-Instruct-v0.2,0.04082747548818588,1024,4096,6.353158950805664,0.8591444626649062,0.9644547700881958,0.8827939629554749,1.9471502997310859,0.13523106683108493,model.layers.14.self_attn.k_proj,1024,88.54219818115234,1024,1.3653093576431274,64.85138161947324,1.3653093576431274,0.0016256830422207713,4194304
Grigorij/mistral_instruct_generation,True,mistralai/Mistral-7B-Instruct-v0.2,0.09324538707733154,1024,4096,4.520446300506592,-4.2584382374183445,1.0219694375991821,-2.708787441253662,1.537477440012134,-0.942039337341783,model.layers.14.self_attn.v_proj,1024,34.472869873046875,1024,0.11427748203277588,301.65934057909783,0.11427748203277588,0.002795749343931675,4194304
Grigorij/mistral_instruct_generation,True,mistralai/Mistral-7B-Instruct-v0.2,0.08247613906860352,4096,4096,15.499415397644043,-7.173144347083092,1.1333345174789429,-6.7072529792785645,2.12334092711026,-0.46280096139454596,model.layers.14.self_attn.o_proj,4022,132.84368896484375,4022,0.34450778365135193,385.60431801240213,0.34450778365135193,1.0028992619481869e-05,16777216
Grigorij/mistral_instruct_generation,True,mistralai/Mistral-7B-Instruct-v0.2,0.019432634115219116,14336,4096,3.7615838050842285,2.9768485286792883,1.1803785562515259,2.9956862926483154,2.7605839818341082,0.7913816846658376,model.layers.14.mlp.gate_proj,4096,576.2142333984375,4096,6.185597896575928,93.15416925458477,6.185597896575928,0.007795910816639662,58720256
Grigorij/mistral_instruct_generation,True,mistralai/Mistral-7B-Instruct-v0.2,0.024816781282424927,14336,4096,4.651283264160156,-0.40766776351331796,1.1907821893692017,0.7933257222175598,2.7190949339813706,-0.08764629895894487,model.layers.14.mlp.up_proj,4096,523.7149047851562,4096,0.8172476887702942,640.8276364454279,0.8172476887702942,0.008276239968836308,58720256
Grigorij/mistral_instruct_generation,True,mistralai/Mistral-7B-Instruct-v0.2,0.008549332618713379,4096,14336,4.358028411865234,0.4846800739008417,1.1894428730010986,1.1185492277145386,2.705965737486648,0.11121544609054049,model.layers.14.mlp.down_proj,4096,508.1193542480469,4096,1.2918599843978882,393.323858920262,1.2918599843978882,0.014274000190198421,58720256
Grigorij/mistral_instruct_generation,True,mistralai/Mistral-7B-Instruct-v0.2,0.05023282766342163,4096,4096,2.8215575218200684,1.0870412521846797,1.0992695093154907,1.7267972230911255,2.359047711876317,0.38526283578421433,model.layers.15.self_attn.q_proj,4027,228.58499145507812,4027,2.428079128265381,94.14231554240128,2.428079128265381,1.0388583177700639e-05,16777216
Grigorij/mistral_instruct_generation,True,mistralai/Mistral-7B-Instruct-v0.2,0.05151146650314331,1024,4096,6.30182409286499,0.9283811956559578,0.9605516791343689,0.9641515016555786,1.9465365612225074,0.14731943989155194,model.layers.15.self_attn.k_proj,1024,88.41716003417969,1024,1.4038459062576294,62.9820977074913,1.4038459062576294,0.001788173452951014,4194304
Grigorij/mistral_instruct_generation,True,mistralai/Mistral-7B-Instruct-v0.2,0.07474207878112793,1024,4096,19.992448806762695,-21.18723486525114,1.0280921459197998,-20.708650588989258,1.5122227757538769,-1.059761866594566,model.layers.15.self_attn.v_proj,1024,32.52540969848633,1024,0.08714412897825241,373.2369590452081,0.08714412897825241,0.003365269862115383,4194304
Grigorij/mistral_instruct_generation,True,mistralai/Mistral-7B-Instruct-v0.2,0.02540341019630432,4096,4096,4.449662208557129,-1.764867145195183,1.1374456882476807,-0.6021720767021179,2.113968533446783,-0.3966294658954501,model.layers.15.self_attn.o_proj,4020,130.00753784179688,4020,0.40120887756347656,324.0395342977623,0.40120887756347656,1.0527372069191188e-05,16777216
Grigorij/mistral_instruct_generation,True,mistralai/Mistral-7B-Instruct-v0.2,0.024634361267089844,14336,4096,4.008638381958008,3.253359019543796,1.1805940866470337,3.2614665031433105,2.77218444742537,0.8115870551423254,model.layers.15.mlp.gate_proj,4096,591.8129272460938,4096,6.480179786682129,91.32662159503197,6.480179786682129,0.006577273830771446,58720256
Grigorij/mistral_instruct_generation,True,mistralai/Mistral-7B-Instruct-v0.2,0.03373080492019653,14336,4096,5.522211074829102,-0.6811301974897488,1.1907179355621338,0.3744739294052124,2.7146227244522714,-0.12334374551425997,model.layers.15.mlp.up_proj,4096,518.3495483398438,4096,0.7527595162391663,688.5991304760258,0.7527595162391663,0.005985775496810675,58720256
Grigorij/mistral_instruct_generation,True,mistralai/Mistral-7B-Instruct-v0.2,0.010123014450073242,4096,14336,4.563042640686035,-0.11730664063779608,1.190274953842163,0.8902605175971985,2.7037870690503105,-0.025707986945342133,model.layers.15.mlp.down_proj,4096,505.57672119140625,4096,0.9425231218338013,536.4077649445258,0.9425231218338013,0.007842408493161201,58720256
Grigorij/mistral_instruct_generation,True,mistralai/Mistral-7B-Instruct-v0.2,0.053156375885009766,4096,4096,5.125800132751465,2.515989427073353,1.1013922691345215,2.540306329727173,2.361495806957564,0.49084813334748606,model.layers.16.self_attn.q_proj,4029,229.8771514892578,4029,3.0963363647460938,74.24165995224755,3.0963363647460938,1.007047831080854e-05,16777216
Grigorij/mistral_instruct_generation,True,mistralai/Mistral-7B-Instruct-v0.2,0.04840666055679321,1024,4096,6.5657267570495605,1.3369077862039909,0.9627576470375061,1.3567965030670166,1.9739226248675246,0.20361916291575266,model.layers.16.self_attn.k_proj,1024,94.17218017578125,1024,1.5981559753417969,58.925525185763355,1.5981559753417969,0.0019323957385495305,4194304
Grigorij/mistral_instruct_generation,True,mistralai/Mistral-7B-Instruct-v0.2,0.12061771750450134,1024,4096,12.559198379516602,-13.90388628105811,1.0301028490066528,-12.579670906066895,1.5163290869492538,-1.1070679720876633,model.layers.16.self_attn.v_proj,1024,32.83440017700195,1024,0.07815054804086685,420.1429292579245,0.07815054804086685,0.0036650856491178274,4194304
Grigorij/mistral_instruct_generation,True,mistralai/Mistral-7B-Instruct-v0.2,0.032423973083496094,4096,4096,3.8499755859375,-1.1273974663452446,1.1341935396194458,-0.059451792389154434,2.1182293547559583,-0.29283236768129123,model.layers.16.self_attn.o_proj,4020,131.289306640625,4020,0.5095275044441223,257.6687332784072,0.5095275044441223,1.0321704394300468e-05,16777216
Grigorij/mistral_instruct_generation,True,mistralai/Mistral-7B-Instruct-v0.2,0.018402814865112305,14336,4096,4.480987548828125,3.9717184000109533,1.1815049648284912,3.972947359085083,2.7876050510747112,0.8863489033906473,model.layers.16.mlp.gate_proj,4096,613.2041015625,4096,7.69748592376709,79.66290651719733,7.69748592376709,0.006034341175109148,58720256
Grigorij/mistral_instruct_generation,True,mistralai/Mistral-7B-Instruct-v0.2,0.02678060531616211,14336,4096,5.9175190925598145,-0.600343987981244,1.1925089359283447,0.08440420031547546,2.7103289580426293,-0.10145197313111595,model.layers.16.mlp.up_proj,4096,513.25,4096,0.7916769981384277,648.3073288814389,0.7916769981384277,0.006954620126634836,58720256
Grigorij/mistral_instruct_generation,True,mistralai/Mistral-7B-Instruct-v0.2,0.013640820980072021,4096,14336,4.550195693969727,0.05375046410069034,1.190192461013794,0.8923851251602173,2.6991752278409646,0.011812780749611416,model.layers.16.mlp.down_proj,4096,500.236328125,4096,1.0275732278823853,486.81331369043454,1.0275732278823853,0.011419487185776234,58720256
Grigorij/mistral_instruct_generation,True,mistralai/Mistral-7B-Instruct-v0.2,0.02409529685974121,4096,4096,4.77911901473999,2.898185973597731,1.1128889322280884,2.9032676219940186,2.3642307008318326,0.6064268256678701,model.layers.17.self_attn.q_proj,4030,231.32933044433594,4030,4.0404229164123535,57.25374180625184,4.0404229164123535,1.0157173164770938e-05,16777216
Grigorij/mistral_instruct_generation,True,mistralai/Mistral-7B-Instruct-v0.2,0.05102723836898804,1024,4096,5.493556976318359,1.4847263660140098,0.9813767671585083,1.4888794422149658,1.9440351321019618,0.2702668548655038,model.layers.17.self_attn.k_proj,1024,87.90936279296875,1024,1.8632316589355469,47.181123383868886,1.8632316589355469,0.0014093053760007024,4194304
Grigorij/mistral_instruct_generation,True,mistralai/Mistral-7B-Instruct-v0.2,0.05315551161766052,1024,4096,14.168977737426758,-13.322422767464186,1.0250694751739502,-13.072099685668945,1.517350432186468,-0.9402529253944388,model.layers.17.self_attn.v_proj,1024,32.91170883178711,1024,0.114748515188694,286.8159886658808,0.114748515188694,0.0037668575532734394,4194304
Grigorij/mistral_instruct_generation,True,mistralai/Mistral-7B-Instruct-v0.2,0.05333772301673889,4096,4096,3.4285194873809814,-1.11884521453248,1.1362366676330566,0.13489557802677155,2.1345833714445566,-0.3263347980521928,model.layers.17.self_attn.o_proj,4029,136.3274688720703,4029,0.4716992676258087,289.0135266867038,0.4716992676258087,1.0345439477532636e-05,16777216
Grigorij/mistral_instruct_generation,True,mistralai/Mistral-7B-Instruct-v0.2,0.021212801337242126,14336,4096,4.791313171386719,4.024922621815909,1.1841968297958374,4.025888442993164,2.79499164724889,0.8400458241494996,model.layers.17.mlp.gate_proj,4096,623.7228393554688,4096,6.919039726257324,90.14586763947597,6.919039726257324,0.005100973416119814,58720256
Grigorij/mistral_instruct_generation,True,mistralai/Mistral-7B-Instruct-v0.2,0.012184977531433105,14336,4096,6.035030841827393,-0.6883184258417554,1.1937505006790161,0.042740486562252045,2.715753288077041,-0.11405383731781134,model.layers.17.mlp.up_proj,4096,519.70068359375,4096,0.7690351009368896,675.782786716258,0.7690351009368896,0.006039146333932877,58720256
Grigorij/mistral_instruct_generation,True,mistralai/Mistral-7B-Instruct-v0.2,0.011966168880462646,4096,14336,4.665596008300781,-0.08981335628921742,1.1911851167678833,0.8419125080108643,2.704854561508334,-0.019250135701725193,model.layers.17.mlp.down_proj,4096,506.8209533691406,4096,0.9566429257392883,529.7911474936923,0.9566429257392883,0.00837393943220377,58720256
Grigorij/mistral_instruct_generation,True,mistralai/Mistral-7B-Instruct-v0.2,0.06803131103515625,4096,4096,6.468990802764893,3.246742231529762,1.1031529903411865,3.2491071224212646,2.3714207444331206,0.5018931593073345,model.layers.18.self_attn.q_proj,4028,235.19102478027344,4028,3.1760926246643066,74.05043006424653,3.1760926246643066,1.0555421795288566e-05,16777216
Grigorij/mistral_instruct_generation,True,mistralai/Mistral-7B-Instruct-v0.2,0.06298297643661499,1024,4096,6.211854934692383,0.8410357333192381,0.9739605784416199,0.8492036461830139,1.9174477555257703,0.1353920434654978,model.layers.18.self_attn.k_proj,1024,82.68900299072266,1024,1.36581552028656,60.54185339274354,1.36581552028656,0.0016588675789535046,4194304
Grigorij/mistral_instruct_generation,True,mistralai/Mistral-7B-Instruct-v0.2,0.05686306953430176,1024,4096,10.457594871520996,-9.520263873017381,1.0323482751846313,-9.424616813659668,1.5036138057928585,-0.9103683963646141,model.layers.18.self_attn.v_proj,1024,31.88701057434082,1024,0.12292256206274033,259.4073052111094,0.12292256206274033,0.004127764143049717,4194304
Grigorij/mistral_instruct_generation,True,mistralai/Mistral-7B-Instruct-v0.2,0.042537569999694824,4096,4096,5.134672164916992,-1.0908651466363088,1.1400772333145142,-0.9266778230667114,2.1105606335641514,-0.21245078782044186,model.layers.18.self_attn.o_proj,4024,128.99136352539062,4024,0.6131252646446228,210.38337671528848,0.6131252646446228,1.022465767164249e-05,16777216
Grigorij/mistral_instruct_generation,True,mistralai/Mistral-7B-Instruct-v0.2,0.02223476767539978,14336,4096,4.616491317749023,4.170757687899779,1.1833360195159912,4.1717939376831055,2.7991094964128216,0.9034475320823128,model.layers.18.mlp.gate_proj,4096,629.6649169921875,4096,8.00658893585205,78.64334263154967,8.00658893585205,0.0058153532445430756,58720256
Grigorij/mistral_instruct_generation,True,mistralai/Mistral-7B-Instruct-v0.2,0.010188758373260498,14336,4096,6.0021796226501465,-0.1372497222747931,1.1935110092163086,0.24602128565311432,2.7162763842225854,-0.022866646935533252,model.layers.18.mlp.up_proj,4096,520.3270263671875,4096,0.9487097263336182,548.4575649688366,0.9487097263336182,0.006272929720580578,58720256
Grigorij/mistral_instruct_generation,True,mistralai/Mistral-7B-Instruct-v0.2,0.019585013389587402,4096,14336,5.598247051239014,-0.2926801247383022,1.1943544149398804,0.31724584102630615,2.702444657627998,-0.05228067322851101,model.layers.18.mlp.down_proj,4096,504.0163879394531,4096,0.8865828514099121,568.4932740780262,0.8865828514099121,0.01038886047899723,58720256
Grigorij/mistral_instruct_generation,True,mistralai/Mistral-7B-Instruct-v0.2,0.05016964673995972,4096,4096,5.208437442779541,2.6747810799563623,1.1166350841522217,2.680922508239746,2.3361762460579154,0.5135477020395843,model.layers.19.self_attn.q_proj,4032,216.8583984375,4032,3.262478828430176,66.47043853518183,3.262478828430176,1.0061755347123835e-05,16777216
Grigorij/mistral_instruct_generation,True,mistralai/Mistral-7B-Instruct-v0.2,0.06342369318008423,1024,4096,2.9698941707611084,0.5403260517147916,0.9739011526107788,0.8833265900611877,1.8996161082862664,0.18193444636322506,model.layers.19.self_attn.k_proj,1024,79.36264038085938,1024,1.5203180313110352,52.201341263065586,1.5203180313110352,0.001430245698429644,4194304
Grigorij/mistral_instruct_generation,True,mistralai/Mistral-7B-Instruct-v0.2,0.04783710837364197,1024,4096,5.829780578613281,-5.278719532618324,1.0332400798797607,-4.135101795196533,1.584054820974255,-0.905474822154278,model.layers.19.self_attn.v_proj,1024,38.37556838989258,1024,0.12431547045707703,308.6950340838125,0.12431547045707703,0.004808804485946894,4194304
Grigorij/mistral_instruct_generation,True,mistralai/Mistral-7B-Instruct-v0.2,0.02548995614051819,4096,4096,3.6200790405273438,-0.3023805201493323,1.142179012298584,0.16192694008350372,2.145224904722283,-0.08352870662881548,model.layers.19.self_attn.o_proj,4031,139.70916748046875,4031,0.8250329494476318,169.33768229984693,0.8250329494476318,1.0606300747895148e-05,16777216
Grigorij/mistral_instruct_generation,True,mistralai/Mistral-7B-Instruct-v0.2,0.016285479068756104,14336,4096,4.735996246337891,4.33581670064997,1.1843924522399902,4.3365020751953125,2.809355745996455,0.915502562740129,model.layers.19.mlp.gate_proj,4096,644.6971435546875,4096,8.23194694519043,78.31648428338768,8.23194694519043,0.004739130847156048,58720256
Grigorij/mistral_instruct_generation,True,mistralai/Mistral-7B-Instruct-v0.2,0.01470404863357544,14336,4096,6.472549915313721,-0.06677044171638762,1.1936553716659546,0.21857737004756927,2.714167820521106,-0.010315940794587336,model.layers.19.mlp.up_proj,4096,517.806884765625,4096,0.9765265583992004,530.2537655652244,0.9765265583992004,0.00525248609483242,58720256
Grigorij/mistral_instruct_generation,True,mistralai/Mistral-7B-Instruct-v0.2,0.03129476308822632,4096,14336,6.644059658050537,-0.3360452323197451,1.1958545446395874,0.008398054167628288,2.7013790733628245,-0.0505782984522968,model.layers.19.mlp.down_proj,4096,502.78125,4096,0.8900649547576904,564.8815261318498,0.8900649547576904,0.007056114729493856,58720256
Grigorij/mistral_instruct_generation,True,mistralai/Mistral-7B-Instruct-v0.2,0.042848050594329834,4096,4096,5.032306671142578,2.754616676297993,1.118192195892334,2.758864402770996,2.32928519348948,0.547386488207119,model.layers.20.self_attn.q_proj,4036,213.44461059570312,4036,3.526845932006836,60.51997016899728,3.526845932006836,1.005131343845278e-05,16777216
Grigorij/mistral_instruct_generation,True,mistralai/Mistral-7B-Instruct-v0.2,0.05329936742782593,1024,4096,5.367760181427002,0.9045230490064924,0.9797150492668152,0.916144073009491,1.877582148477975,0.16851033176486432,model.layers.20.self_attn.k_proj,1024,75.43660736083984,1024,1.474043607711792,51.17664563393932,1.474043607711792,0.0020986595191061497,4194304
Grigorij/mistral_instruct_generation,True,mistralai/Mistral-7B-Instruct-v0.2,0.10565164685249329,1024,4096,32.827537536621094,-32.9087632830125,1.0283043384552002,-32.241485595703125,1.6060598049050618,-1.0024743173715296,model.layers.20.self_attn.v_proj,1024,40.37009811401367,1024,0.09943188726902008,406.00756178739204,0.09943188726902008,0.004680607933551073,4194304
Grigorij/mistral_instruct_generation,True,mistralai/Mistral-7B-Instruct-v0.2,0.04683980345726013,4096,4096,4.544438362121582,-1.078384363896156,1.1459757089614868,-0.6345763802528381,2.157955811506656,-0.23729761039001301,model.layers.20.self_attn.o_proj,4037,143.86521911621094,4037,0.579031765460968,248.45824995746068,0.579031765460968,1.0012174243456684e-05,16777216
Grigorij/mistral_instruct_generation,True,mistralai/Mistral-7B-Instruct-v0.2,0.012882530689239502,14336,4096,4.722330093383789,4.37114474420062,1.185024380683899,4.371663570404053,2.8160009687220064,0.9256330366072468,model.layers.20.mlp.gate_proj,4096,654.6376342773438,4096,8.426224708557129,77.69050279569878,8.426224708557129,0.005150192882865667,58720256
Grigorij/mistral_instruct_generation,True,mistralai/Mistral-7B-Instruct-v0.2,0.0208854079246521,14336,4096,7.050964832305908,-0.12034340663263667,1.1938445568084717,0.01653413474559784,2.7043632559803146,-0.01706765095200173,model.layers.20.mlp.up_proj,4096,506.2479248046875,4096,0.9614624977111816,526.5394396659678,0.9614624977111816,0.005055468063801527,58720256
Grigorij/mistral_instruct_generation,True,mistralai/Mistral-7B-Instruct-v0.2,0.03586858510971069,4096,14336,8.539443969726562,-0.992975242806852,1.1962049007415771,-0.8559045195579529,2.6961802425967254,-0.11628101856831406,model.layers.20.mlp.down_proj,4096,496.7984619140625,4096,0.7651013731956482,649.3237096661484,0.7651013731956482,0.006261054892092943,58720256
Grigorij/mistral_instruct_generation,True,mistralai/Mistral-7B-Instruct-v0.2,0.05124008655548096,4096,4096,4.692727565765381,2.6231088077636957,1.1284472942352295,2.625953435897827,2.3275392085101476,0.5589731709336654,model.layers.21.self_attn.q_proj,4038,212.58822631835938,4038,3.622206211090088,58.69026055653023,3.622206211090088,1.0459606528456789e-05,16777216
Grigorij/mistral_instruct_generation,True,mistralai/Mistral-7B-Instruct-v0.2,0.05701333284378052,1024,4096,3.3077139854431152,0.47818617088472,0.9886608123779297,0.6675047874450684,1.8794081376071934,0.1445669646738396,model.layers.21.self_attn.k_proj,1024,75.75444793701172,1024,1.3949767351150513,54.305169419735044,1.3949767351150513,0.00148985895793885,4194304
Grigorij/mistral_instruct_generation,True,mistralai/Mistral-7B-Instruct-v0.2,0.059234440326690674,1024,4096,4.524271488189697,-3.8978335361041734,1.0222657918930054,-2.3513877391815186,1.6172889035429212,-0.8615383816553013,model.layers.21.self_attn.v_proj,1024,41.42751693725586,1024,0.13755032420158386,301.1808018463313,0.13755032420158386,0.004249229095876217,4194304
Grigorij/mistral_instruct_generation,True,mistralai/Mistral-7B-Instruct-v0.2,0.03609621524810791,4096,4096,6.400323867797852,-1.8886542816839764,1.1541849374771118,-1.794682502746582,2.164178980748213,-0.29508729881411494,model.layers.21.self_attn.o_proj,4042,145.94155883789062,4042,0.5068888068199158,287.9163178873267,0.5068888068199158,1.0285562893841416e-05,16777216
Grigorij/mistral_instruct_generation,True,mistralai/Mistral-7B-Instruct-v0.2,0.01289355754852295,14336,4096,4.792881488800049,4.603897221840525,1.185015320777893,4.604235649108887,2.8333876733305026,0.9605698018193983,model.layers.21.mlp.gate_proj,4096,681.3773193359375,4096,9.132081985473633,74.61357885527109,9.132081985473633,0.005476003047078848,58720256
Grigorij/mistral_instruct_generation,True,mistralai/Mistral-7B-Instruct-v0.2,0.03427612781524658,14336,4096,8.414794921875,-0.3336618844744862,1.1942633390426636,-0.298906147480011,2.689348807858118,-0.03965181416449054,model.layers.21.mlp.up_proj,4096,489.04498291015625,4096,0.9127423167228699,535.7974249140043,0.9127423167228699,0.004928589332848787,58720256
Grigorij/mistral_instruct_generation,True,mistralai/Mistral-7B-Instruct-v0.2,0.040170907974243164,4096,14336,8.712207794189453,-1.6300429815428883,1.195695400238037,-1.3351151943206787,2.68514483389883,-0.18709872629874993,model.layers.21.mlp.down_proj,4096,484.3338623046875,4096,0.6499819159507751,745.1497501991538,0.6499819159507751,0.0059536658227443695,58720256
Grigorij/mistral_instruct_generation,True,mistralai/Mistral-7B-Instruct-v0.2,0.03253926336765289,4096,4096,4.395734786987305,2.294226279837627,1.138197422027588,2.297687292098999,2.2998749989990235,0.5219209963779493,model.layers.22.self_attn.q_proj,4043,199.46881103515625,4043,3.3259904384613037,59.97275540197768,3.3259904384613037,1.027523830998689e-05,16777216
Grigorij/mistral_instruct_generation,True,mistralai/Mistral-7B-Instruct-v0.2,0.056880295276641846,1024,4096,5.747082233428955,0.132335451626286,0.9949409365653992,0.14802031219005585,1.8475784104955366,0.023026545688964156,model.layers.22.self_attn.k_proj,1024,70.40093231201172,1024,1.0544513463974,66.76546296094266,1.0544513463974,0.0016389578813686967,4194304
Grigorij/mistral_instruct_generation,True,mistralai/Mistral-7B-Instruct-v0.2,0.06740599870681763,1024,4096,25.11101531982422,-22.05339316836137,1.0242021083831787,-21.5679988861084,1.6399492680180585,-0.8782358215102132,model.layers.22.self_attn.v_proj,1024,43.646484375,1024,0.1323622614145279,329.7502166294163,0.1323622614145279,0.006881324574351311,4194304
Grigorij/mistral_instruct_generation,True,mistralai/Mistral-7B-Instruct-v0.2,0.03005969524383545,4096,4096,5.529746055603027,-1.2314073129923004,1.156375765800476,-1.1340570449829102,2.1741632233264654,-0.22268785955271386,model.layers.22.self_attn.o_proj,4047,149.33555603027344,4047,0.5988418459892273,249.37394911604068,0.5988418459892273,1.0080438187287655e-05,16777216
Grigorij/mistral_instruct_generation,True,mistralai/Mistral-7B-Instruct-v0.2,0.017266035079956055,14336,4096,5.19029426574707,4.6634668948879066,1.1868915557861328,4.663658618927002,2.831211044573653,0.8984975911027013,model.layers.22.mlp.gate_proj,4096,677.9708862304688,4096,7.915850639343262,85.6472560081953,7.915850639343262,0.00541732320562005,58720256
Grigorij/mistral_instruct_generation,True,mistralai/Mistral-7B-Instruct-v0.2,0.03766351938247681,14336,4096,8.855498313903809,-0.2929564731050146,1.1945046186447144,-0.2723800837993622,2.691374943002921,-0.03308187328600702,model.layers.22.mlp.up_proj,4096,491.3318786621094,4096,0.926655113697052,530.2208679363515,0.926655113697052,0.0054816510528326035,58720256
Grigorij/mistral_instruct_generation,True,mistralai/Mistral-7B-Instruct-v0.2,0.029483944177627563,4096,14336,7.289774417877197,-0.9514278271331496,1.1948388814926147,-0.6434711813926697,2.687733133199356,-0.13051540042170579,model.layers.22.mlp.down_proj,4096,487.22900390625,4096,0.740431010723114,658.0343027913109,0.740431010723114,0.006149598862975836,58720256
Grigorij/mistral_instruct_generation,True,mistralai/Mistral-7B-Instruct-v0.2,0.021594107151031494,4096,4096,4.249231338500977,2.460927078729124,1.135079264640808,2.4647467136383057,2.3084610751673407,0.5791464108888169,model.layers.23.self_attn.q_proj,4041,203.4515838623047,4041,3.794428825378418,53.61850049776977,3.794428825378418,1.0404057320556603e-05,16777216
Grigorij/mistral_instruct_generation,True,mistralai/Mistral-7B-Instruct-v0.2,0.03061544895172119,1024,4096,4.977856636047363,0.6538782296298065,0.9952709674835205,0.6672453284263611,1.86398807226342,0.13135738480186815,model.layers.23.self_attn.k_proj,1024,73.11190032958984,1024,1.3531856536865234,54.02946752384563,1.3531856536865234,0.001618297421373427,4194304
Grigorij/mistral_instruct_generation,True,mistralai/Mistral-7B-Instruct-v0.2,0.05558142066001892,1024,4096,16.096393585205078,-13.63597610661009,1.0281943082809448,-13.156545639038086,1.6703854042520692,-0.8471447988910716,model.layers.23.self_attn.v_proj,1024,46.815040588378906,1024,0.14218546450138092,329.2533505625973,0.14218546450138092,0.007474501151591539,4194304
Grigorij/mistral_instruct_generation,True,mistralai/Mistral-7B-Instruct-v0.2,0.0623469352722168,4096,4096,4.265218257904053,-0.3202804868592941,1.1517856121063232,-0.1696956902742386,2.1826663198292513,-0.07509123038798052,model.layers.23.self_attn.o_proj,4044,152.28822326660156,4044,0.8412184119224548,181.03291738298256,0.8412184119224548,1.0208963431068696e-05,16777216
Grigorij/mistral_instruct_generation,True,mistralai/Mistral-7B-Instruct-v0.2,0.028203189373016357,14336,4096,5.2931036949157715,4.761352620771035,1.1877481937408447,4.761508464813232,2.8335655377031315,0.8995388896961336,model.layers.23.mlp.gate_proj,4096,681.6564331054688,4096,7.9348530769348145,85.90662315940304,7.9348530769348145,0.0058196429163217545,58720256
Grigorij/mistral_instruct_generation,True,mistralai/Mistral-7B-Instruct-v0.2,0.04485189914703369,14336,4096,9.64494800567627,-0.6823946987292175,1.195043683052063,-0.6653319001197815,2.6908228751530534,-0.07075151657920943,model.layers.23.mlp.up_proj,4096,490.70770263671875,4096,0.8496664762496948,577.5297912218824,0.8496664762496948,0.00554033974185586,58720256
Grigorij/mistral_instruct_generation,True,mistralai/Mistral-7B-Instruct-v0.2,0.033695340156555176,4096,14336,5.944779872894287,-0.5686670585572333,1.1936830282211304,0.08729899674654007,2.688733015831003,-0.09565821960037874,model.layers.23.mlp.down_proj,4096,488.35205078125,4096,0.8023092150688171,608.683088277083,0.8023092150688171,0.005269759800285101,58720256
Grigorij/mistral_instruct_generation,True,mistralai/Mistral-7B-Instruct-v0.2,0.03189408779144287,4096,4096,3.4417853355407715,1.9170843699201094,1.1377854347229004,1.9383689165115356,2.302357534205801,0.5570028874618638,model.layers.24.self_attn.q_proj,4045,200.61228942871094,4045,3.6058104038238525,55.635839648132276,3.6058104038238525,1.0005045623984188e-05,16777216
Grigorij/mistral_instruct_generation,True,mistralai/Mistral-7B-Instruct-v0.2,0.037401676177978516,1024,4096,5.388063907623291,0.2997982434020071,1.0009050369262695,0.3129275441169739,1.8488347271504153,0.05564118179404631,model.layers.24.self_attn.k_proj,1024,70.6048812866211,1024,1.1366877555847168,62.11457890676552,1.1366877555847168,0.00197412702254951,4194304
Grigorij/mistral_instruct_generation,True,mistralai/Mistral-7B-Instruct-v0.2,0.028209209442138672,1024,4096,8.195419311523438,-6.3739438888816755,1.0311164855957031,-5.750229358673096,1.6765907772953885,-0.7777446945172632,model.layers.24.self_attn.v_proj,1024,47.48875427246094,1024,0.16682276129722595,284.66591670815734,0.16682276129722595,0.008142415434122086,4194304
Grigorij/mistral_instruct_generation,True,mistralai/Mistral-7B-Instruct-v0.2,0.020513951778411865,4096,4096,5.552440643310547,-2.3779557359041186,1.1568628549575806,-1.5748072862625122,2.187911655590829,-0.42827215789673057,model.layers.24.self_attn.o_proj,4049,154.13868713378906,4049,0.3730163276195526,413.2223597756247,0.3730163276195526,1.0393235243100207e-05,16777216
Grigorij/mistral_instruct_generation,True,mistralai/Mistral-7B-Instruct-v0.2,0.03221288323402405,14336,4096,5.471797943115234,5.159195459966726,1.1879643201828003,5.159271240234375,2.840477152054943,0.9428702436752376,model.layers.24.mlp.gate_proj,4096,692.5914916992188,4096,8.767388343811035,78.99632872862581,8.767388343811035,0.006004816386848688,58720256
Grigorij/mistral_instruct_generation,True,mistralai/Mistral-7B-Instruct-v0.2,0.05295500159263611,14336,4096,9.82112979888916,-0.7526981043808743,1.1954883337020874,-0.7241658568382263,2.6889425905217896,-0.07664068389219433,model.layers.24.mlp.up_proj,4096,488.5877685546875,4096,0.8382225036621094,582.8855302978587,0.8382225036621094,0.005810687784105539,58720256
Grigorij/mistral_instruct_generation,True,mistralai/Mistral-7B-Instruct-v0.2,0.03398865461349487,4096,14336,4.402783393859863,0.35167428033415304,1.191515564918518,0.955572247505188,2.6878565584507883,0.07987544443467266,model.layers.24.mlp.down_proj,4096,487.36749267578125,4096,1.201919674873352,405.49090165042503,1.201919674873352,0.005355800036340952,58720256
Grigorij/mistral_instruct_generation,True,mistralai/Mistral-7B-Instruct-v0.2,0.030131936073303223,4096,4096,4.442259788513184,2.253384246243815,1.1400103569030762,2.2562761306762695,2.281101538219081,0.5072607982249545,model.layers.25.self_attn.q_proj,4046,191.0299835205078,4046,3.2155909538269043,59.40742658613381,3.2155909538269043,1.0413496966066305e-05,16777216
Grigorij/mistral_instruct_generation,True,mistralai/Mistral-7B-Instruct-v0.2,0.05824926495552063,1024,4096,4.302639961242676,0.08102903797983813,0.9973540902137756,0.15135079622268677,1.8150198973182827,0.018832400272793346,model.layers.25.self_attn.k_proj,1024,65.31604766845703,1024,1.0443171262741089,62.54426555417142,1.0443171262741089,0.001809064531698823,4194304
Grigorij/mistral_instruct_generation,True,mistralai/Mistral-7B-Instruct-v0.2,0.04233148694038391,1024,4096,7.355805397033691,-5.810889708294816,1.027933955192566,-4.687329292297363,1.7032056804451603,-0.78997327887958,model.layers.25.self_attn.v_proj,1024,50.49003601074219,1024,0.1621909886598587,311.2998843396173,0.1621909886598587,0.008309025317430496,4194304
Grigorij/mistral_instruct_generation,True,mistralai/Mistral-7B-Instruct-v0.2,0.024767696857452393,4096,4096,6.167299747467041,-2.181463597668397,1.1549426317214966,-1.6698148250579834,2.2138571924882418,-0.35371454072170583,model.layers.25.self_attn.o_proj,4048,163.62783813476562,4048,0.4428793787956238,369.4636643045763,0.4428793787956238,1.0316774933016859e-05,16777216
Grigorij/mistral_instruct_generation,True,mistralai/Mistral-7B-Instruct-v0.2,0.0376397967338562,14336,4096,5.752294540405273,5.456827515070652,1.188503384590149,5.456884860992432,2.8396987186682887,0.9486349276346678,model.layers.25.mlp.gate_proj,4096,691.3511962890625,4096,8.884539604187012,77.81508407742928,8.884539604187012,0.004882685840129852,58720256
Grigorij/mistral_instruct_generation,True,mistralai/Mistral-7B-Instruct-v0.2,0.05889254808425903,14336,4096,10.24453067779541,-0.2876950105709701,1.1957684755325317,-0.2729099690914154,2.6935909573411276,-0.028082790673323563,model.layers.25.mlp.up_proj,4096,493.8453369140625,4096,0.9373832941055298,526.8339429766559,0.9373832941055298,0.0051050749607384205,58720256
Grigorij/mistral_instruct_generation,True,mistralai/Mistral-7B-Instruct-v0.2,0.03227323293685913,4096,14336,4.38454532623291,0.3925984405420146,1.1891353130340576,1.1661380529403687,2.6933845272664145,0.0895414259246181,model.layers.25.mlp.down_proj,4096,493.61065673828125,4096,1.2289704084396362,401.6456810908854,1.2289704084396362,0.005026305094361305,58720256
Grigorij/mistral_instruct_generation,True,mistralai/Mistral-7B-Instruct-v0.2,0.03349339962005615,4096,4096,3.4203779697418213,1.8797220660414276,1.1380492448806763,1.8981553316116333,2.2695812021004746,0.5495655985011837,model.layers.26.self_attn.q_proj,4042,186.02923583984375,4042,3.544586658477783,52.48263161937581,3.544586658477783,1.120784963859478e-05,16777216
Grigorij/mistral_instruct_generation,True,mistralai/Mistral-7B-Instruct-v0.2,0.04205267131328583,1024,4096,4.8918609619140625,0.3590381101597302,0.9942954182624817,0.3734227120876312,1.7848516812646988,0.0733949948608612,model.layers.26.self_attn.k_proj,1024,60.93287658691406,1024,1.1841180324554443,51.45844832762213,1.1841180324554443,0.0020411827135831118,4194304
Grigorij/mistral_instruct_generation,True,mistralai/Mistral-7B-Instruct-v0.2,0.05204838514328003,1024,4096,9.621172904968262,-6.2394169197626645,1.0254708528518677,-5.9080095291137695,1.728532545172643,-0.6485089688535483,model.layers.26.self_attn.v_proj,1024,53.52202606201172,1024,0.22464203834533691,238.25472051555002,0.22464203834533691,0.008328822441399097,4194304
Grigorij/mistral_instruct_generation,True,mistralai/Mistral-7B-Instruct-v0.2,0.026292145252227783,4096,4096,4.996798038482666,-0.1752478766451028,1.1515411138534546,-0.07801556587219238,2.219228067138906,-0.03507203519042342,model.layers.26.self_attn.o_proj,4047,165.66397094726562,4047,0.9224184155464172,179.59742363678905,0.9224184155464172,1.0048034710052889e-05,16777216
Grigorij/mistral_instruct_generation,True,mistralai/Mistral-7B-Instruct-v0.2,0.039716243743896484,14336,4096,5.589967250823975,5.223825537712249,1.1887694597244263,5.22396183013916,2.834955098973934,0.9345002042618844,model.layers.26.mlp.gate_proj,4096,683.8409423828125,4096,8.600034713745117,79.51606768398909,8.600034713745117,0.002988599706441164,58720256
Grigorij/mistral_instruct_generation,True,mistralai/Mistral-7B-Instruct-v0.2,0.061054348945617676,14336,4096,9.868877410888672,0.11862595187443177,1.1958985328674316,0.13307411968708038,2.703011150908748,0.012020207257164597,model.layers.26.mlp.up_proj,4096,504.67425537109375,4096,1.0280641317367554,490.8976393510827,1.0280641317367554,0.0030482932925224304,58720256
Grigorij/mistral_instruct_generation,True,mistralai/Mistral-7B-Instruct-v0.2,0.029776275157928467,4096,14336,3.8844172954559326,-0.001848150448385974,1.186530590057373,1.329081416130066,2.7037797288314596,-0.0004757857634265959,model.layers.26.mlp.down_proj,4096,505.56817626953125,4096,0.9989050626754761,506.1223485197012,0.9989050626754761,0.005160619039088488,58720256
Grigorij/mistral_instruct_generation,True,mistralai/Mistral-7B-Instruct-v0.2,0.028733044862747192,4096,4096,4.084629058837891,2.2448044259350595,1.143304467201233,2.2477004528045654,2.279833751643845,0.5495736316809449,model.layers.27.self_attn.q_proj,4047,190.47314453125,4047,3.544652223587036,53.735354702442244,3.544652223587036,1.013324254017789e-05,16777216
Grigorij/mistral_instruct_generation,True,mistralai/Mistral-7B-Instruct-v0.2,0.03473508358001709,1024,4096,5.02249002456665,0.6040097117654992,1.0063509941101074,0.6079819202423096,1.8237588001021434,0.1202610077493612,model.layers.27.self_attn.k_proj,1024,66.6436538696289,1024,1.3190492391586304,50.5240076648983,1.3190492391586304,0.001076631247997284,4194304
Grigorij/mistral_instruct_generation,True,mistralai/Mistral-7B-Instruct-v0.2,0.028314948081970215,1024,4096,6.996975898742676,-4.048111708079324,1.0284186601638794,-3.8275465965270996,1.7055534198913915,-0.5785516152494895,model.layers.27.self_attn.v_proj,1024,50.76371765136719,1024,0.26390546560287476,192.35568894111685,0.26390546560287476,0.006626165471971035,4194304
Grigorij/mistral_instruct_generation,True,mistralai/Mistral-7B-Instruct-v0.2,0.013431012630462646,4096,4096,4.278383255004883,0.1376713555411945,1.148084044456482,0.34812748432159424,2.207482585735751,0.032178359753101966,model.layers.27.self_attn.o_proj,4045,161.24363708496094,4045,1.0769073963165283,149.72841456608182,1.0769073963165283,1.0091713193105534e-05,16777216
Grigorij/mistral_instruct_generation,True,mistralai/Mistral-7B-Instruct-v0.2,0.028143465518951416,14336,4096,5.588759899139404,5.283763246987619,1.1892279386520386,5.283912658691406,2.8359303860396907,0.9454267748738409,model.layers.27.mlp.gate_proj,4096,685.3783569335938,4096,8.819150924682617,77.71477807635536,8.819150924682617,0.006451829336583614,58720256
Grigorij/mistral_instruct_generation,True,mistralai/Mistral-7B-Instruct-v0.2,0.06810232996940613,14336,4096,8.909406661987305,1.359667798533646,1.1961528062820435,1.3607732057571411,2.7099009129630622,0.15261036454142085,model.layers.27.mlp.up_proj,4096,512.744384765625,4096,1.4210532903671265,360.81995533971735,1.4210532903671265,0.006894106511026621,58720256
Grigorij/mistral_instruct_generation,True,mistralai/Mistral-7B-Instruct-v0.2,0.04083968698978424,4096,14336,3.618532419204712,0.13983853916590475,1.184908390045166,1.5581861734390259,2.710759677342167,0.03864509778155829,model.layers.27.mlp.down_proj,4096,513.75927734375,4096,1.0930627584457397,470.0180967415635,1.0930627584457397,0.005711123812943697,58720256
Grigorij/mistral_instruct_generation,True,mistralai/Mistral-7B-Instruct-v0.2,0.03289920091629028,4096,4096,3.2962443828582764,1.9465071945013641,1.1308567523956299,1.9674475193023682,2.250868011415047,0.5905227187110098,model.layers.28.self_attn.q_proj,4037,178.1837158203125,4037,3.895136833190918,45.74517493249227,3.895136833190918,1.0158452823816333e-05,16777216
Grigorij/mistral_instruct_generation,True,mistralai/Mistral-7B-Instruct-v0.2,0.04155164957046509,1024,4096,5.005893707275391,0.32448674903347496,0.9875228404998779,0.3324732184410095,1.733428149815235,0.06482094267440743,model.layers.28.self_attn.k_proj,1024,54.12876892089844,1024,1.160969853401184,46.62375061878005,1.160969853401184,0.0015584438806399703,4194304
Grigorij/mistral_instruct_generation,True,mistralai/Mistral-7B-Instruct-v0.2,0.062428414821624756,1024,4096,3.209496021270752,-1.3854637315966936,1.0177680253982544,-0.16225731372833252,1.83130418530968,-0.4316764134975123,model.layers.28.self_attn.v_proj,1024,67.81163024902344,1024,0.3701038360595703,183.2232569405435,0.3701038360595703,0.006541517097502947,4194304
Grigorij/mistral_instruct_generation,True,mistralai/Mistral-7B-Instruct-v0.2,0.01995903253555298,4096,4096,5.687875270843506,-0.5444917507691888,1.1461464166641235,-0.4503411650657654,2.2605001346528404,-0.0957284969943515,model.layers.28.self_attn.o_proj,4043,182.1797637939453,4043,0.8021793961524963,227.1060122807149,0.8021793961524963,1.0040846973424777e-05,16777216
Grigorij/mistral_instruct_generation,True,mistralai/Mistral-7B-Instruct-v0.2,0.030694246292114258,14336,4096,4.848905563354492,4.590816496731769,1.1882266998291016,4.592884063720703,2.8314558847314077,0.9467737485808702,model.layers.28.mlp.gate_proj,4096,678.3532104492188,4096,8.846546173095703,76.68000564019441,8.846546173095703,0.007267439272254705,58720256
Grigorij/mistral_instruct_generation,True,mistralai/Mistral-7B-Instruct-v0.2,0.05438542366027832,14336,4096,7.414085388183594,2.7213127599933853,1.1952933073043823,2.7217955589294434,2.7226224760784317,0.36704632028254675,model.layers.28.mlp.up_proj,4096,527.986083984375,4096,2.3283395767211914,226.7650686623187,2.3283395767211914,0.006896899547427893,58720256
Grigorij/mistral_instruct_generation,True,mistralai/Mistral-7B-Instruct-v0.2,0.024956941604614258,4096,14336,4.3371806144714355,-0.5566490454748211,1.1903409957885742,0.984882116317749,2.72043549665144,-0.12834352427415774,model.layers.28.mlp.down_proj,4096,525.333984375,4096,0.7441431283950806,705.9582549771119,0.7441431283950806,0.005431073252111673,58720256
Grigorij/mistral_instruct_generation,True,mistralai/Mistral-7B-Instruct-v0.2,0.0235125869512558,4096,4096,3.164022445678711,1.8279600165424719,1.126833200454712,1.8611503839492798,2.217633242619768,0.5777329484621776,model.layers.29.self_attn.q_proj,4029,165.05673217773438,4029,3.782099485397339,43.64156279204641,3.782099485397339,1.0171269423153717e-05,16777216
Grigorij/mistral_instruct_generation,True,mistralai/Mistral-7B-Instruct-v0.2,0.03183871507644653,1024,4096,3.894927501678467,0.1439814472927196,0.9857610464096069,0.19992689788341522,1.685833684367702,0.036966399818911325,model.layers.29.self_attn.k_proj,1024,48.51026916503906,1024,1.0888458490371704,44.55200817263073,1.0888458490371704,0.00097924773581326,4194304
Grigorij/mistral_instruct_generation,True,mistralai/Mistral-7B-Instruct-v0.2,0.08647328615188599,1024,4096,7.159627437591553,-4.637091939185136,1.0279474258422852,-3.0998287200927734,1.9315895798612355,-0.6476722398763559,model.layers.29.self_attn.v_proj,1024,85.4259033203125,1024,0.22507525980472565,379.54372859295,0.22507525980472565,0.006528576370328665,4194304
Grigorij/mistral_instruct_generation,True,mistralai/Mistral-7B-Instruct-v0.2,0.0446738600730896,4096,4096,6.188355445861816,-0.599686534517454,1.1463006734848022,-0.35249242186546326,2.301889899872431,-0.09690563830144361,model.layers.29.self_attn.o_proj,4044,200.39639282226562,4044,0.8000080585479736,250.49296776583478,0.8000080585479736,1.0033813850895967e-05,16777216
Grigorij/mistral_instruct_generation,True,mistralai/Mistral-7B-Instruct-v0.2,0.03415185213088989,14336,4096,4.334728240966797,3.8451496860092598,1.1869797706604004,3.855355978012085,2.8261865538877866,0.8870566901217448,model.layers.29.mlp.gate_proj,4096,670.1724243164062,4096,7.710041046142578,86.92203067475253,7.710041046142578,0.00797902699559927,58720256
Grigorij/mistral_instruct_generation,True,mistralai/Mistral-7B-Instruct-v0.2,0.04451102018356323,14336,4096,6.0316667556762695,3.1189506823452393,1.192979335784912,3.153660297393799,2.734922926760543,0.5170959883368993,model.layers.29.mlp.up_proj,4096,543.1539306640625,4096,3.289243221282959,165.1303640757241,3.289243221282959,0.007829044945538044,58720256
Grigorij/mistral_instruct_generation,True,mistralai/Mistral-7B-Instruct-v0.2,0.027933716773986816,4096,14336,8.303121566772461,-0.36515002412086056,1.1942464113235474,-0.29458069801330566,2.7242349565125585,-0.04397743922985816,model.layers.29.mlp.down_proj,4096,529.9500732421875,4096,0.9036964178085327,586.4248909244528,0.9036964178085327,0.005883302539587021,58720256
Grigorij/mistral_instruct_generation,True,mistralai/Mistral-7B-Instruct-v0.2,0.028661012649536133,4096,4096,3.924025058746338,2.471310375000909,1.118129849433899,2.4771153926849365,2.2170756212806837,0.6297896516977015,model.layers.30.self_attn.q_proj,4030,164.84494018554688,4030,4.263729572296143,38.66214716257745,4.263729572296143,1.000020438368665e-05,16777216
Grigorij/mistral_instruct_generation,True,mistralai/Mistral-7B-Instruct-v0.2,0.03817829489707947,1024,4096,4.4491682052612305,0.20279223777146224,0.9751423001289368,0.22533081471920013,1.6622721825818934,0.0455798091723429,model.layers.30.self_attn.k_proj,1024,45.94858932495117,1024,1.1106566190719604,41.37065276155719,1.1106566190719604,0.0011098060058429837,4194304
Grigorij/mistral_instruct_generation,True,mistralai/Mistral-7B-Instruct-v0.2,0.044137030839920044,1024,4096,10.566036224365234,-3.099365201913696,1.0139847993850708,-3.003782272338867,1.9528263366987346,-0.293332819999857,model.layers.30.self_attn.v_proj,1024,89.70700073242188,1024,0.5089406967163086,176.26218793508264,0.5089406967163086,0.006539910100400448,4194304
Grigorij/mistral_instruct_generation,True,mistralai/Mistral-7B-Instruct-v0.2,0.018874168395996094,4096,4096,4.848351001739502,1.2741273675248612,1.1405720710754395,1.294534683227539,2.3157886304665474,0.2627960242704637,model.layers.30.self_attn.o_proj,4043,206.9134063720703,4043,1.8314540386199951,112.97766802162289,1.8314540386199951,1.0007679520640522e-05,16777216
Grigorij/mistral_instruct_generation,True,mistralai/Mistral-7B-Instruct-v0.2,0.023850083351135254,14336,4096,3.6685917377471924,3.1347141409561377,1.1865025758743286,3.197375535964966,2.831754321699228,0.8544734233308561,model.layers.30.mlp.gate_proj,4096,678.8195190429688,4096,7.152756214141846,94.9032091574521,7.152756214141846,0.008192168548703194,58720256
Grigorij/mistral_instruct_generation,True,mistralai/Mistral-7B-Instruct-v0.2,0.045195937156677246,14336,4096,5.238287448883057,4.3968860678856485,1.1892582178115845,4.397196292877197,2.747851254624537,0.8393747213744795,model.layers.30.mlp.up_proj,4096,559.56591796875,4096,6.908356189727783,80.99841736602744,6.908356189727783,0.00807002279907465,58720256
Grigorij/mistral_instruct_generation,True,mistralai/Mistral-7B-Instruct-v0.2,0.024187922477722168,4096,14336,7.0157060623168945,0.6596409174401509,1.1935490369796753,0.6991265416145325,2.7249921741363026,0.09402345417280901,model.layers.30.mlp.down_proj,4096,530.8748779296875,4096,1.241719365119934,427.53209206688325,1.241719365119934,0.007906959392130375,58720256
Grigorij/mistral_instruct_generation,True,mistralai/Mistral-7B-Instruct-v0.2,0.030447781085968018,4096,4096,3.7840492725372314,2.535129235790052,1.107263207435608,2.543466567993164,2.2072285251505352,0.6699514338221685,model.layers.31.self_attn.q_proj,4023,161.1493377685547,4023,4.676828384399414,34.456970520043804,4.676828384399414,1.0407353329355828e-05,16777216
Grigorij/mistral_instruct_generation,True,mistralai/Mistral-7B-Instruct-v0.2,0.039160966873168945,1024,4096,3.792499303817749,0.2864554481480758,0.9710941314697266,0.3426258862018585,1.6554850017001799,0.07553210302760324,model.layers.31.self_attn.k_proj,1024,45.236083984375,1024,1.1899592876434326,38.014816518605,1.1899592876434326,0.0009724625269882381,4194304
Grigorij/mistral_instruct_generation,True,mistralai/Mistral-7B-Instruct-v0.2,0.04615813493728638,1024,4096,2.787384033203125,-0.7500205876675297,1.009420394897461,0.6836327910423279,1.9746308043417202,-0.26907687592858986,model.layers.31.self_attn.v_proj,1024,94.32586669921875,1024,0.5381745100021362,175.27003777797714,0.5381745100021362,1.3828897863277234e-05,4194304
Grigorij/mistral_instruct_generation,True,mistralai/Mistral-7B-Instruct-v0.2,0.06276410818099976,4096,4096,4.380039215087891,4.118653692159905,1.1187809705734253,4.119170665740967,2.3448600961553603,0.9403234742676292,model.layers.31.self_attn.o_proj,4034,221.23818969726562,4034,8.71612548828125,25.382630160008404,8.71612548828125,1.081232403521426e-05,16777216
Grigorij/mistral_instruct_generation,True,mistralai/Mistral-7B-Instruct-v0.2,0.024659037590026855,14336,4096,3.4905223846435547,3.0218223029399818,1.1865522861480713,3.1891028881073,2.8691615057123454,0.8657220810943358,model.layers.31.mlp.gate_proj,4096,739.88037109375,4096,7.340439796447754,100.79510105808633,7.340439796447754,0.008450634777545929,58720256
Grigorij/mistral_instruct_generation,True,mistralai/Mistral-7B-Instruct-v0.2,0.028245091438293457,14336,4096,4.161746025085449,5.407236252873136,1.1734758615493774,5.4074625968933105,2.767556008851066,1.2992710800419673,model.layers.31.mlp.up_proj,4096,585.5392456054688,4096,19.91916275024414,29.39577596444369,19.91916275024414,0.009774422273039818,58720256
Grigorij/mistral_instruct_generation,True,mistralai/Mistral-7B-Instruct-v0.2,0.0323183536529541,4096,14336,5.749969959259033,2.799921039691632,1.1914658546447754,2.801621675491333,2.686055722104476,0.4869453335461325,model.layers.31.mlp.down_proj,4096,485.35076904296875,4096,3.0686357021331787,158.16500104772115,3.0686357021331787,0.014394544996321201,58720256
Grigorij/mistral_instruct_generation,True,mistralai/Mistral-7B-Instruct-v0.2,0.02102118730545044,32000,4096,4.679368019104004,11.355780811926277,1.1311732530593872,11.355781555175781,3.3668641781849966,2.4267766000804225,lm_head,4096,2327.36328125,4096,267.1631774902344,8.711392427330567,267.1631774902344,0.00039405390270985663,131072000
