model_id,is_adapter,D,M,N,alpha,alpha_weighted,entropy,log_alpha_norm,log_norm,log_spectral_norm,longname,matrix_rank,norm,num_evals,spectral_norm,stable_rank,xmax,xmin,params
HuggingFaceH4/mistral-7b-sft-beta,False,0.026467859745025635,4096,4096,1.4284038543701172,2.484125815834537,0.592319905757904,2.9784204959869385,2.4523152745581114,1.7390920699594172,model.layers.0.self_attn.q_proj,2052,283.3448181152344,2100,54.83932113647461,5.166818484315202,54.83932113647461,1.0052350262412801e-05,16777216
HuggingFaceH4/mistral-7b-sft-beta,False,0.024157822132110596,1024,4096,1.453826904296875,1.653481829655588,0.587925910949707,2.1442971229553223,1.8908225183501146,1.1373306029546024,model.layers.0.self_attn.k_proj,974,77.77186584472656,974,13.719257354736328,5.668810186571594,13.719257354736328,1.0518205272092018e-05,4194304
HuggingFaceH4/mistral-7b-sft-beta,False,0.039505451917648315,1024,4096,4.30084228515625,-2.8784268893522267,0.9654476046562195,-2.495659112930298,1.2255035358886222,-0.6692705052883968,model.layers.0.self_attn.v_proj,1024,16.80751609802246,1024,0.2141556292772293,78.4827191082834,0.2141556292772293,0.0005070663755759597,4194304
HuggingFaceH4/mistral-7b-sft-beta,False,0.03798234462738037,4096,4096,3.79430890083313,-0.33765403984083003,1.0867773294448853,0.04384763911366463,1.8291118475250128,-0.08898960223472847,model.layers.0.self_attn.o_proj,3940,67.47017669677734,3940,0.814723789691925,82.81355908643606,0.814723789691925,1.0121034392795991e-05,16777216
HuggingFaceH4/mistral-7b-sft-beta,False,0.02066826820373535,14336,4096,2.3861966133117676,1.4079927212774215,1.1348719596862793,2.6207010746002197,2.784032129038257,0.5900572959590655,model.layers.0.mlp.gate_proj,4096,608.1799926757812,4096,3.8909647464752197,156.3057062459187,3.8909647464752197,0.0003129381511826068,58720256
HuggingFaceH4/mistral-7b-sft-beta,False,0.04553580284118652,14336,4096,6.849874496459961,1.364904109816679,1.163619041442871,1.9165865182876587,2.7336903331889437,0.19925972519964655,model.layers.0.mlp.up_proj,4096,541.6145629882812,4096,1.5821939706802368,342.3186872311386,1.5821939706802368,0.00035284727346152067,58720256
HuggingFaceH4/mistral-7b-sft-beta,False,0.03110504150390625,4096,14336,4.052734375,0.8932021678295833,1.1868611574172974,1.4724520444869995,2.7081299753292125,0.2203949445439743,model.layers.0.mlp.down_proj,4096,510.6578063964844,4096,1.6610968112945557,307.4220616909796,1.6610968112945557,0.01007466483861208,58720256
HuggingFaceH4/mistral-7b-sft-beta,False,0.0501672625541687,4096,4096,2.9456470012664795,2.695659981899942,0.9459969997406006,3.146700859069824,2.435719274259429,0.9151334089729503,model.layers.1.self_attn.q_proj,3082,272.721435546875,3082,8.224952697753906,33.15781203475499,8.224952697753906,1.0026683412434068e-05,16777216
HuggingFaceH4/mistral-7b-sft-beta,False,0.040431857109069824,1024,4096,2.957657814025879,1.774438059454909,0.8383117318153381,2.1983704566955566,2.0046101999826877,0.5999470429067637,model.layers.1.self_attn.k_proj,969,101.06719207763672,969,3.980586290359497,25.39002667079705,3.980586290359497,1.0665229638107121e-05,4194304
HuggingFaceH4/mistral-7b-sft-beta,False,0.10857811570167542,1024,4096,11.98129653930664,-12.10509045258054,1.012961506843567,-11.341928482055664,1.4055790426350225,-1.0103322635298921,model.layers.1.self_attn.v_proj,1024,25.443628311157227,1024,0.097648985683918,260.56213623678826,0.097648985683918,0.0021352507174015045,4194304
HuggingFaceH4/mistral-7b-sft-beta,False,0.02442270517349243,4096,4096,3.6264753341674805,0.05691825395699732,1.138126254081726,0.17692899703979492,2.0164653564649533,0.015695199529066665,model.layers.1.self_attn.o_proj,4020,103.86407470703125,4020,1.036800503730774,100.17749251981618,1.036800503730774,1.0843602467502933e-05,16777216
HuggingFaceH4/mistral-7b-sft-beta,False,0.019742250442504883,14336,4096,2.6911990642547607,2.031078256005767,1.1588997840881348,2.4861083030700684,2.7783994638413785,0.7547112671756995,model.layers.1.mlp.gate_proj,4096,600.343017578125,4096,5.684748649597168,105.60590354696974,5.684748649597168,0.00046935665886849165,58720256
HuggingFaceH4/mistral-7b-sft-beta,False,0.05813610553741455,14336,4096,3.4008371829986572,0.1068863829714184,1.1784154176712036,1.5350759029388428,2.7254245130478822,0.031429432583765245,model.layers.1.mlp.up_proj,4096,531.4036254882812,4096,1.0750519037246704,494.3050876401016,1.0750519037246704,0.00040910858660936356,58720256
HuggingFaceH4/mistral-7b-sft-beta,False,0.025171279907226562,4096,14336,5.248641014099121,0.1805811882828272,1.1942247152328491,0.5838512778282166,2.714782909489851,0.03440532278693521,model.layers.1.mlp.down_proj,4096,518.540771484375,4096,1.0824437141418457,479.04640648726087,1.0824437141418457,0.008406027220189571,58720256
HuggingFaceH4/mistral-7b-sft-beta,False,0.028003334999084473,4096,4096,3.7722628116607666,1.899174503553221,1.1157206296920776,2.085758686065674,2.4990602713307544,0.5034576322950032,model.layers.2.self_attn.q_proj,3997,315.54425048828125,3997,3.1875545978546143,98.99257904497024,3.1875545978546143,1.0096669939230196e-05,16777216
HuggingFaceH4/mistral-7b-sft-beta,False,0.033960938453674316,1024,4096,5.760328769683838,1.160455791328537,0.9879747033119202,1.198704481124878,2.1134402902429414,0.20145652057846516,model.layers.2.self_attn.k_proj,1024,129.84950256347656,1024,1.5902174711227417,81.65518548340366,1.5902174711227417,1.0642490451573394e-05,4194304
HuggingFaceH4/mistral-7b-sft-beta,False,0.07686871290206909,1024,4096,9.799662590026855,-11.058220242819775,1.0209097862243652,-10.221329689025879,1.3361831368831494,-1.128428672031398,model.layers.2.self_attn.v_proj,1024,21.68618392944336,1024,0.07439972460269928,291.48204573671995,0.07439972460269928,0.002344686072319746,4194304
HuggingFaceH4/mistral-7b-sft-beta,False,0.020803391933441162,4096,4096,4.0732035636901855,-0.23354217842268035,1.1367319822311401,-0.15844233334064484,1.9573242805865383,-0.05733624032556305,model.layers.2.self_attn.o_proj,4014,90.64091491699219,4014,0.8763220906257629,103.43333334466946,0.8763220906257629,1.0507019396754913e-05,16777216
HuggingFaceH4/mistral-7b-sft-beta,False,0.03015357255935669,14336,4096,3.9624788761138916,2.1737146706159187,1.1831810474395752,2.2907791137695312,2.769546975282896,0.5485744501300001,model.layers.2.mlp.gate_proj,4096,588.229736328125,4096,3.536506414413452,166.3307420935884,3.536506414413452,0.0006730313180014491,58720256
HuggingFaceH4/mistral-7b-sft-beta,False,0.016704320907592773,14336,4096,9.34811782836914,-1.5740321081254676,1.1922123432159424,-1.2468113899230957,2.7163768330041194,-0.16837957512138793,model.layers.2.mlp.up_proj,4096,520.4473876953125,4096,0.6786102652549744,766.9312038770364,0.6786102652549744,0.0007089429418556392,58720256
HuggingFaceH4/mistral-7b-sft-beta,False,0.011519134044647217,4096,14336,4.3910112380981445,0.1999066698707358,1.1897560358047485,1.0958375930786133,2.710972865708404,0.045526339840870074,model.layers.2.mlp.down_proj,4096,514.0115356445312,4096,1.1105198860168457,462.856669310228,1.1105198860168457,0.010222735814750195,58720256
HuggingFaceH4/mistral-7b-sft-beta,False,0.029149174690246582,4096,4096,2.9178009033203125,2.038819005586147,1.0947253704071045,2.3684964179992676,2.5001254888409083,0.6987519276130431,model.layers.3.self_attn.q_proj,3947,316.31915283203125,3947,4.997489929199219,63.29560585682204,4.997489929199219,1.0074440979224164e-05,16777216
HuggingFaceH4/mistral-7b-sft-beta,False,0.0470641553401947,1024,4096,3.9288530349731445,1.506796270952033,0.9562517404556274,1.764388084411621,2.1366439409538502,0.3835206503117093,model.layers.3.self_attn.k_proj,1024,136.975830078125,1024,2.418358325958252,56.640005994086756,2.418358325958252,1.1206368981220294e-05,4194304
HuggingFaceH4/mistral-7b-sft-beta,False,0.05652213096618652,1024,4096,6.555431365966797,-6.748241252117439,1.0279955863952637,-5.618168830871582,1.4444683474571542,-1.029412234738912,model.layers.3.self_attn.v_proj,1024,27.827125549316406,1024,0.09345182031393051,297.76975403836326,0.09345182031393051,0.0034552549477666616,4194304
HuggingFaceH4/mistral-7b-sft-beta,False,0.029578864574432373,4096,4096,4.008070468902588,-0.5639991211931349,1.1497137546539307,-0.40014976263046265,2.051478144768849,-0.14071586953598603,model.layers.3.self_attn.o_proj,4033,112.58438110351562,4033,0.7232428193092346,155.6660890336172,0.7232428193092346,1.0059210580948275e-05,16777216
HuggingFaceH4/mistral-7b-sft-beta,False,0.02065521478652954,14336,4096,3.5379271507263184,1.8015114574881006,1.1824945211410522,2.111401319503784,2.7704688805894864,0.5091997038769607,model.layers.3.mlp.gate_proj,4096,589.479736328125,4096,3.2299790382385254,182.50265074463107,3.2299790382385254,0.0010411870898678899,58720256
HuggingFaceH4/mistral-7b-sft-beta,False,0.01884680986404419,14336,4096,9.392394065856934,-1.468088560921855,1.1939771175384521,-1.2990518808364868,2.710479531230377,-0.15630610796651143,model.layers.3.mlp.up_proj,4096,513.427978515625,4096,0.6977404356002808,735.8438071227907,0.6977404356002808,0.0009104768978431821,58720256
HuggingFaceH4/mistral-7b-sft-beta,False,0.03031662106513977,4096,14336,6.28569221496582,0.020535152403958392,1.1894744634628296,0.49706169962882996,2.709251529775287,0.003266967535423631,model.layers.3.mlp.down_proj,4096,511.978271484375,4096,1.007550835609436,508.1413794617076,1.007550835609436,0.009279169142246246,58720256
HuggingFaceH4/mistral-7b-sft-beta,False,0.04515045881271362,4096,4096,4.659816741943359,2.3985702133430733,1.1022299528121948,2.4923295974731445,2.4412486452178763,0.514734880398485,model.layers.4.self_attn.q_proj,4007,276.21588134765625,4007,3.271409273147583,84.43330023390666,3.271409273147583,1.0283563824486919e-05,16777216
HuggingFaceH4/mistral-7b-sft-beta,False,0.06108582019805908,1024,4096,4.837586402893066,0.648744658858643,0.9700114727020264,0.910971999168396,2.0482736824464354,0.13410502776150277,model.layers.4.self_attn.k_proj,1024,111.75672912597656,1024,1.36177396774292,82.06701829614822,1.36177396774292,0.00017167955229524523,4194304
HuggingFaceH4/mistral-7b-sft-beta,False,0.08450749516487122,1024,4096,5.440428256988525,-5.531325874134628,1.0219717025756836,-4.2411789894104,1.43236874013459,-1.0167078054984622,model.layers.4.self_attn.v_proj,1024,27.062551498413086,1024,0.09622594714164734,281.2396479566602,0.09622594714164734,0.0033284493256360292,4194304
HuggingFaceH4/mistral-7b-sft-beta,False,0.04267144203186035,4096,4096,3.4817800521850586,-0.9454218553992704,1.1365933418273926,-0.12275321781635284,2.03769875007331,-0.27153405477349224,model.layers.4.self_attn.o_proj,4025,109.06835174560547,4025,0.5351381897926331,203.8134332888289,0.5351381897926331,1.0264767297485378e-05,16777216
HuggingFaceH4/mistral-7b-sft-beta,False,0.02529728412628174,14336,4096,3.2170279026031494,2.185159622977719,1.1803829669952393,2.4482967853546143,2.785486503596399,0.6792479546756603,model.layers.4.mlp.gate_proj,4096,610.2200927734375,4096,4.778019905090332,127.71401226757779,4.778019905090332,0.002512293867766857,58720256
HuggingFaceH4/mistral-7b-sft-beta,False,0.028801143169403076,14336,4096,7.566995620727539,-1.5354168889548228,1.1955854892730713,-0.9213465452194214,2.69959531017147,-0.20290971026189097,model.layers.4.mlp.up_proj,4096,500.7204284667969,4096,0.6267441511154175,798.9231771459918,0.6267441511154175,0.0019109948771074414,58720256
HuggingFaceH4/mistral-7b-sft-beta,False,0.019996047019958496,4096,14336,5.734947204589844,0.0659637076388317,1.1918156147003174,0.43219077587127686,2.697254199231395,0.011502060138590123,model.layers.4.mlp.down_proj,4096,498.02850341796875,4096,1.0268383026123047,485.0116149260995,1.0268383026123047,0.011101859621703625,58720256
HuggingFaceH4/mistral-7b-sft-beta,False,0.03818780183792114,4096,4096,4.494551181793213,2.2186893738067393,1.116065502166748,2.3039751052856445,2.4599413375061894,0.4936398060821588,model.layers.5.self_attn.q_proj,4025,288.36419677734375,4025,3.1163039207458496,92.5340416438995,3.1163039207458496,1.0189100976276677e-05,16777216
HuggingFaceH4/mistral-7b-sft-beta,False,0.04646962881088257,1024,4096,5.294153690338135,0.6591354770051641,0.9819697737693787,0.8602451682090759,2.072870354109167,0.12450252024380982,model.layers.5.self_attn.k_proj,1024,118.26884460449219,1024,1.3319947719573975,88.79077237720186,1.3319947719573975,0.0008736040908843279,4194304
HuggingFaceH4/mistral-7b-sft-beta,False,0.04070091247558594,1024,4096,8.513554573059082,-9.275789521623858,1.0298823118209839,-8.604948997497559,1.3767155131992264,-1.089531927237167,model.layers.5.self_attn.v_proj,1024,23.807594299316406,1024,0.08137070387601852,292.5818896146105,0.08137070387601852,0.002611566800624132,4194304
HuggingFaceH4/mistral-7b-sft-beta,False,0.03366297483444214,4096,4096,4.344646453857422,-1.7481384661194257,1.1487072706222534,-1.1000423431396484,2.0351642182589686,-0.40236610382125104,model.layers.5.self_attn.o_proj,4030,108.43368530273438,4030,0.39594411849975586,273.86108351247356,0.39594411849975586,1.0134647709492128e-05,16777216
HuggingFaceH4/mistral-7b-sft-beta,False,0.01455467939376831,14336,4096,3.2591257095336914,2.568717896274609,1.1795077323913574,2.6624131202697754,2.8021004626868082,0.7881616498438582,model.layers.5.mlp.gate_proj,4096,634.016357421875,4096,6.139904975891113,103.26159116654036,6.139904975891113,0.0016096566105261445,58720256
HuggingFaceH4/mistral-7b-sft-beta,False,0.01650029420852661,14336,4096,7.536703586578369,-1.0425091788574656,1.1955156326293945,-0.8297095894813538,2.687729651326136,-0.13832429083638148,model.layers.5.mlp.up_proj,4096,487.22509765625,4096,0.7272365689277649,669.967818552652,0.7272365689277649,0.0017712120898067951,58720256
HuggingFaceH4/mistral-7b-sft-beta,False,0.02237921953201294,4096,14336,4.582575798034668,-0.2694616380107451,1.189984917640686,0.7153717875480652,2.685750756432778,-0.05880134882358285,model.layers.5.mlp.down_proj,4096,485.01007080078125,4096,0.8733707666397095,555.331239980536,0.8733707666397095,0.0069956001825630665,58720256
HuggingFaceH4/mistral-7b-sft-beta,False,0.02248281240463257,4096,4096,3.892409324645996,2.0901988865005907,1.1109697818756104,2.2071735858917236,2.4435325133961148,0.5369935975812843,model.layers.6.self_attn.q_proj,4018,277.6722717285156,4018,3.443448543548584,80.63784552516225,3.443448543548584,1.0097490303451195e-05,16777216
HuggingFaceH4/mistral-7b-sft-beta,False,0.03514447063207626,1024,4096,5.222545623779297,1.1451833206336637,0.9762776494026184,1.2237534523010254,2.0759859186459853,0.21927684373295173,model.layers.6.self_attn.k_proj,1024,119.1203384399414,1024,1.6568257808685303,71.89671950752536,1.6568257808685303,0.0004503175732679665,4194304
HuggingFaceH4/mistral-7b-sft-beta,False,0.054892539978027344,1024,4096,5.506922245025635,-5.602720366812519,1.0241962671279907,-4.49840784072876,1.3985636734205982,-1.0173959459611797,model.layers.6.self_attn.v_proj,1024,25.035926818847656,1024,0.09607359766960144,260.5911241603191,0.09607359766960144,0.002252453938126564,4194304
HuggingFaceH4/mistral-7b-sft-beta,False,0.033420294523239136,4096,4096,4.016457557678223,-1.835531969321175,1.1417347192764282,-0.6900119185447693,2.0429361541976965,-0.45700270523516584,model.layers.6.self_attn.o_proj,4026,110.39163208007812,4026,0.34913814067840576,316.18325017592633,0.34913814067840576,1.0013061910285614e-05,16777216
HuggingFaceH4/mistral-7b-sft-beta,False,0.008773483335971832,14336,4096,3.7733335494995117,2.75341955006812,1.1841870546340942,2.791447877883911,2.802796516738702,0.7297047859533459,model.layers.6.mlp.gate_proj,4096,635.0333251953125,4096,5.366668701171875,118.3291461715618,5.366668701171875,0.0016340719303116202,58720256
HuggingFaceH4/mistral-7b-sft-beta,False,0.01007068157196045,14336,4096,6.825687408447266,-0.7336771359380234,1.1953266859054565,-0.4396452307701111,2.6949018179601083,-0.10748765538692068,model.layers.6.mlp.up_proj,4096,495.33819580078125,4096,0.7807506322860718,634.4384177447407,0.7807506322860718,0.0017876556375995278,58720256
HuggingFaceH4/mistral-7b-sft-beta,False,0.012999296188354492,4096,14336,4.336703300476074,0.5138422997047923,1.1876024007797241,1.1907248497009277,2.6920192452616583,0.11848684682864605,model.layers.6.mlp.down_proj,4096,492.06134033203125,4096,1.3136717081069946,374.56948893349715,1.3136717081069946,0.009846995584666729,58720256
HuggingFaceH4/mistral-7b-sft-beta,False,0.0530468225479126,4096,4096,5.261712074279785,2.468860214160859,1.1026965379714966,2.5580122470855713,2.430955262557948,0.4692123360814632,model.layers.7.self_attn.q_proj,4024,269.74615478515625,4024,2.945861577987671,91.56783088546233,2.945861577987671,1.0178663615079131e-05,16777216
HuggingFaceH4/mistral-7b-sft-beta,False,0.07242178916931152,1024,4096,2.7590034008026123,0.43010021409195404,0.9623952507972717,1.3791353702545166,2.069232682581798,0.1558897005950899,model.layers.7.self_attn.k_proj,1024,117.28235626220703,1024,1.4318242073059082,81.9111422085,1.4318242073059082,0.000904761312995106,4194304
HuggingFaceH4/mistral-7b-sft-beta,False,0.06350922584533691,1024,4096,8.863967895507812,-8.961627280561009,1.024031400680542,-8.251299858093262,1.423232338783362,-1.0110175698067103,model.layers.7.self_attn.v_proj,1024,26.499174118041992,1024,0.09749501943588257,271.80028550554965,0.09749501943588257,0.0025681140832602978,4194304
HuggingFaceH4/mistral-7b-sft-beta,False,0.04222291707992554,4096,4096,3.7901060581207275,-1.3287177681965059,1.1356686353683472,-0.33031678199768066,2.056375663285861,-0.35057535272649665,model.layers.7.self_attn.o_proj,4018,113.86117553710938,4018,0.4460922181606293,255.24134002290563,0.4460922181606293,1.0079930689244065e-05,16777216
HuggingFaceH4/mistral-7b-sft-beta,False,0.017566323280334473,14336,4096,3.372004508972168,2.658062973012664,1.1806914806365967,2.7226579189300537,2.8090496544549843,0.7882738489643589,model.layers.7.mlp.gate_proj,4096,644.242919921875,4096,6.141491413116455,104.90007664033493,6.141491413116455,0.005341762211173773,58720256
HuggingFaceH4/mistral-7b-sft-beta,False,0.023526787757873535,14336,4096,6.65444278717041,-0.6279100518672371,1.1937512159347534,-0.29819491505622864,2.6925379436908408,-0.09435952369713527,model.layers.7.mlp.up_proj,4096,492.6493835449219,4096,0.8047119975090027,612.2058389460142,0.8047119975090027,0.003890457795932889,58720256
HuggingFaceH4/mistral-7b-sft-beta,False,0.024491429328918457,4096,14336,4.509528636932373,0.027546383940115604,1.187713384628296,0.9284579753875732,2.688645943683569,0.006108484091777307,model.layers.7.mlp.down_proj,4096,488.254150390625,4096,1.014164686203003,481.4347778353745,1.014164686203003,0.00786645244807005,58720256
HuggingFaceH4/mistral-7b-sft-beta,False,0.0414755642414093,4096,4096,4.756536960601807,2.213900370192314,1.108038067817688,2.2822272777557373,2.4142824892861845,0.46544374374254976,model.layers.8.self_attn.q_proj,4019,259.58673095703125,4019,2.9204094409942627,88.88710168963641,2.9204094409942627,1.0371093594585545e-05,16777216
HuggingFaceH4/mistral-7b-sft-beta,False,0.04438227415084839,1024,4096,6.05536413192749,1.0204558597361055,0.9673898220062256,1.0899163484573364,2.0392099715709606,0.16852097371909538,model.layers.8.self_attn.k_proj,1024,109.44853973388672,1024,1.4740797281265259,74.24872457407021,1.4740797281265259,0.00028926500817760825,4194304
HuggingFaceH4/mistral-7b-sft-beta,False,0.07055932283401489,1024,4096,3.6240057945251465,-3.616611753902266,1.016472339630127,-1.9470943212509155,1.4372209963584122,-0.9979597050771689,model.layers.8.self_attn.v_proj,1024,27.366609573364258,1024,0.1004709005355835,272.38344065276794,0.1004709005355835,0.002022211207076907,4194304
HuggingFaceH4/mistral-7b-sft-beta,False,0.032584547996520996,4096,4096,5.377404689788818,-2.1277188352099152,1.1339530944824219,-1.3141486644744873,2.0741090164426157,-0.39567764710925546,model.layers.8.self_attn.o_proj,4021,118.60664367675781,4021,0.4020891487598419,294.97598739626443,0.4020891487598419,1.025044093694305e-05,16777216
HuggingFaceH4/mistral-7b-sft-beta,False,0.011066749691963196,14336,4096,3.7816922664642334,2.8971737186780464,1.1817713975906372,2.928959369659424,2.8073823162659517,0.7661050964854988,model.layers.8.mlp.gate_proj,4096,641.7742919921875,4096,5.83586311340332,109.97075831306157,5.83586311340332,0.006903978064656258,58720256
HuggingFaceH4/mistral-7b-sft-beta,False,0.015720754861831665,14336,4096,6.160752296447754,-0.45148005506481237,1.1926542520523071,0.012236293405294418,2.700989605429461,-0.07328326693561962,model.layers.8.mlp.up_proj,4096,502.33056640625,4096,0.8447276949882507,594.6656767459683,0.8447276949882507,0.0049554635770618916,58720256
HuggingFaceH4/mistral-7b-sft-beta,False,0.04262661933898926,4096,14336,4.162500381469727,0.33225366695675357,1.1866843700408936,1.0540794134140015,2.695976481190027,0.07982069345527339,model.layers.8.mlp.down_proj,4096,496.5654296875,4096,1.201768159866333,413.1956947026543,1.201768159866333,0.007766357623040676,58720256
HuggingFaceH4/mistral-7b-sft-beta,False,0.042720794677734375,4096,4096,3.503129005432129,1.2217552958760887,1.1085388660430908,1.6501390933990479,2.394361728626781,0.34876114867068075,model.layers.9.self_attn.q_proj,4029,247.94863891601562,4029,2.232344150543213,111.07097391577389,2.232344150543213,1.0624790775182191e-05,16777216
HuggingFaceH4/mistral-7b-sft-beta,False,0.04437065124511719,1024,4096,6.748456954956055,0.3152912024839916,0.9752599000930786,0.4201609492301941,2.0346350160753763,0.04672048804466958,model.layers.9.self_attn.k_proj,1024,108.3016357421875,1024,1.1135776042938232,97.25557996549969,1.1135776042938232,0.0021089077927172184,4194304
HuggingFaceH4/mistral-7b-sft-beta,False,0.06250804662704468,1024,4096,5.58568811416626,-5.493178753112985,1.014581322669983,-4.462107181549072,1.3708580801932773,-0.9834381442066814,model.layers.9.self_attn.v_proj,1024,23.488651275634766,1024,0.1038871556520462,226.09774161404835,0.1038871556520462,0.0014803330413997173,4194304
HuggingFaceH4/mistral-7b-sft-beta,False,0.055139362812042236,4096,4096,3.7361483573913574,-1.6660151922601665,1.1311988830566406,-0.24850597977638245,2.056550986807024,-0.4459178364703394,model.layers.9.self_attn.o_proj,4016,113.90715026855469,4016,0.3581641912460327,318.0305375372067,0.3581641912460327,1.0179552191402763e-05,16777216
HuggingFaceH4/mistral-7b-sft-beta,False,0.013460159301757812,14336,4096,3.593914031982422,2.8123245220986095,1.1804054975509644,2.8528316020965576,2.79774668950334,0.7825241497352446,model.layers.9.mlp.gate_proj,4096,627.692138671875,4096,6.060719013214111,103.56727267892234,6.060719013214111,0.005929689854383469,58720256
HuggingFaceH4/mistral-7b-sft-beta,False,0.01964426040649414,14336,4096,5.015754699707031,-0.4235670518342519,1.1916056871414185,0.5415168404579163,2.7090408615113533,-0.08444732192724504,model.layers.9.mlp.up_proj,4096,511.72998046875,4096,0.823289692401886,621.5673355217361,0.823289692401886,0.00553837139159441,58720256
HuggingFaceH4/mistral-7b-sft-beta,False,0.046553075313568115,4096,14336,3.920257568359375,0.33393522794070146,1.1830933094024658,1.3024978637695312,2.7025106292852192,0.0851819611639582,model.layers.9.mlp.down_proj,4096,504.09295654296875,4096,1.2166956663131714,414.3131026926973,1.2166956663131714,0.0042739566415548325,58720256
HuggingFaceH4/mistral-7b-sft-beta,False,0.04336756467819214,4096,4096,5.082909107208252,2.2588679369091134,1.1069921255111694,2.3209033012390137,2.4206027281474256,0.4444045504779406,model.layers.10.self_attn.q_proj,4027,263.39208984375,4027,2.782303810119629,94.66690477357507,2.782303810119629,1.000137854134664e-05,16777216
HuggingFaceH4/mistral-7b-sft-beta,False,0.0494500994682312,1024,4096,7.431113243103027,1.0822556929881295,0.9733588099479675,1.1123586893081665,2.0819510703798416,0.14563843364822812,model.layers.10.self_attn.k_proj,1024,120.76777648925781,1024,1.3984225988388062,86.36000061035807,1.3984225988388062,0.0013291735667735338,4194304
HuggingFaceH4/mistral-7b-sft-beta,False,0.0449376106262207,1024,4096,7.963415145874023,-8.07933942819781,1.0146360397338867,-7.305778503417969,1.3749245847339633,-1.0145571064926646,model.layers.10.self_attn.v_proj,1024,23.709619522094727,1024,0.0967036560177803,245.1781090648257,0.0967036560177803,0.001537012285552919,4194304
HuggingFaceH4/mistral-7b-sft-beta,False,0.04263767600059509,4096,4096,4.247374534606934,-1.9333548995749266,1.1370165348052979,-0.795891284942627,2.05445995649387,-0.45518823071105635,model.layers.10.self_attn.o_proj,4015,113.36003112792969,4015,0.35059988498687744,323.3316266837128,0.35059988498687744,1.0119471880898345e-05,16777216
HuggingFaceH4/mistral-7b-sft-beta,False,0.020061850547790527,14336,4096,3.680767774581909,2.643363410680149,1.1808743476867676,2.6987428665161133,2.79077486349294,0.7181554427134168,model.layers.10.mlp.gate_proj,4096,617.6961059570312,4096,5.225831985473633,118.20052915479403,5.225831985473633,0.007760988548398018,58720256
HuggingFaceH4/mistral-7b-sft-beta,False,0.030454903841018677,14336,4096,4.8067216873168945,-0.5492635552451665,1.191284418106079,0.6680004596710205,2.712716478278137,-0.11426988932903344,model.layers.10.mlp.up_proj,4096,516.079345703125,4096,0.768652617931366,671.407777276583,0.768652617931366,0.00623582536354661,58720256
HuggingFaceH4/mistral-7b-sft-beta,False,0.0322757363319397,4096,14336,4.17318058013916,0.6587624933853204,1.184892177581787,1.2758665084838867,2.7035008659391484,0.15785621559739768,model.layers.10.mlp.down_proj,4096,505.24365234375,4096,1.4383223056793213,351.2729034019415,1.4383223056793213,0.009862953796982765,58720256
HuggingFaceH4/mistral-7b-sft-beta,False,0.038352079689502716,4096,4096,5.774350166320801,1.9436364177181338,1.1057473421096802,2.0413002967834473,2.4064340605811267,0.33659829448073564,model.layers.11.self_attn.q_proj,4028,254.9376983642578,4028,2.1706924438476562,117.44533367074726,2.1706924438476562,1.0380071216786746e-05,16777216
HuggingFaceH4/mistral-7b-sft-beta,False,0.05083921551704407,1024,4096,8.008817672729492,0.3954296297732228,0.9636805653572083,0.478548526763916,2.0361249657104477,0.04937428293812763,model.layers.11.self_attn.k_proj,1024,108.673828125,1024,1.1204030513763428,96.99529824691322,1.1204030513763428,0.0016080636996775866,4194304
HuggingFaceH4/mistral-7b-sft-beta,False,0.07789599895477295,1024,4096,8.671213150024414,-7.967295806546918,1.0091168880462646,-7.292114734649658,1.4427425608948181,-0.9188213539099181,model.layers.11.self_attn.v_proj,1024,27.716766357421875,1024,0.12055317312479019,229.9132045967049,0.12055317312479019,0.0008838145295158029,4194304
HuggingFaceH4/mistral-7b-sft-beta,False,0.03783899545669556,4096,4096,4.2906341552734375,-1.6881374068489317,1.1321215629577637,-0.4784330725669861,2.0904756656243886,-0.3934470630114463,model.layers.11.self_attn.o_proj,4013,123.16169738769531,4013,0.40415963530540466,304.73527445319405,0.40415963530540466,1.0039518201665487e-05,16777216
HuggingFaceH4/mistral-7b-sft-beta,False,0.02308356761932373,14336,4096,3.6964709758758545,2.7440272212200276,1.1803327798843384,2.7860372066497803,2.7865667851560247,0.7423370125528576,model.layers.11.mlp.gate_proj,4096,611.7398681640625,4096,5.525060176849365,110.72094214056213,5.525060176849365,0.00808146595954895,58720256
HuggingFaceH4/mistral-7b-sft-beta,False,0.03257995843887329,14336,4096,4.714534759521484,-0.4083261729963147,1.190494179725647,0.7903391718864441,2.718379424158559,-0.08661006733944601,model.layers.11.mlp.up_proj,4096,522.852783203125,4096,0.8191999793052673,638.2480424945039,0.8191999793052673,0.007781622465699911,58720256
HuggingFaceH4/mistral-7b-sft-beta,False,0.03339111804962158,4096,14336,4.061913013458252,0.518931995949622,1.1845006942749023,1.3032474517822266,2.706696117732887,0.1277555659686102,model.layers.11.mlp.down_proj,4096,508.974609375,4096,1.342009425163269,379.2630661391056,1.342009425163269,0.004740500822663307,58720256
HuggingFaceH4/mistral-7b-sft-beta,False,0.034617479890584946,4096,4096,5.745948314666748,1.9963522052955893,1.101671814918518,2.076258659362793,2.386639915426617,0.34743650585923747,model.layers.12.self_attn.q_proj,4024,243.57904052734375,4024,2.225545644760132,109.44688602582967,2.225545644760132,1.0446347914694343e-05,16777216
HuggingFaceH4/mistral-7b-sft-beta,False,0.053974270820617676,1024,4096,8.553306579589844,0.35392806378594327,0.9671371579170227,0.3929983079433441,2.027538415196241,0.04137909245887398,model.layers.12.self_attn.k_proj,1024,106.54631042480469,1024,1.0999655723571777,96.8633138185231,1.0999655723571777,0.0010543669341132045,4194304
HuggingFaceH4/mistral-7b-sft-beta,False,0.0789688229560852,1024,4096,7.287464618682861,-7.5351990937822055,1.0177550315856934,-6.5341997146606445,1.384938703032304,-1.0339946041678512,model.layers.12.self_attn.v_proj,1024,24.262676239013672,1024,0.09247096627950668,262.3815583983006,0.09247096627950668,0.0014107227325439453,4194304
HuggingFaceH4/mistral-7b-sft-beta,False,0.06695514917373657,4096,4096,3.5689175128936768,-1.6997522122146782,1.1295278072357178,-0.1703365296125412,2.061921038376132,-0.47626547995964186,model.layers.12.self_attn.o_proj,4007,115.32435607910156,4007,0.33399081230163574,345.29200155047727,0.33399081230163574,1.0018546163337305e-05,16777216
HuggingFaceH4/mistral-7b-sft-beta,False,0.022742807865142822,14336,4096,3.817075252532959,2.9042147895568298,1.1795415878295898,2.9313466548919678,2.7768336556139657,0.7608481880543572,model.layers.12.mlp.gate_proj,4096,598.1824340820312,4096,5.76564884185791,103.74936984356374,5.76564884185791,0.008132503367960453,58720256
HuggingFaceH4/mistral-7b-sft-beta,False,0.029419273138046265,14336,4096,4.896747589111328,-0.48170768479088566,1.1899296045303345,0.7428650259971619,2.7204729347739782,-0.09837298656398726,model.layers.12.mlp.up_proj,4096,525.3792724609375,4096,0.7973096370697021,658.9400755167443,0.7973096370697021,0.007437167689204216,58720256
HuggingFaceH4/mistral-7b-sft-beta,False,0.03197935223579407,4096,14336,4.20542049407959,0.6924190278506672,1.1844950914382935,1.3246790170669556,2.7092328389107667,0.16464917808467855,model.layers.12.mlp.down_proj,4096,511.95623779296875,4096,1.4609965085983276,350.41578455525325,1.4609965085983276,0.005277183372527361,58720256
HuggingFaceH4/mistral-7b-sft-beta,False,0.05454063415527344,4096,4096,5.255512714385986,2.200115487400638,1.1093660593032837,2.267317056655884,2.3991499143015864,0.4186300380128911,model.layers.13.self_attn.q_proj,4028,250.69744873046875,4028,2.6219840049743652,95.61364533683332,2.6219840049743652,1.0231473424937576e-05,16777216
HuggingFaceH4/mistral-7b-sft-beta,False,0.06810671091079712,1024,4096,5.746029376983643,0.9355751661547234,0.9728491902351379,1.0413024425506592,2.048763227017256,0.16282115958234974,model.layers.13.self_attn.k_proj,1024,111.88277435302734,1024,1.4548598527908325,76.90278492351311,1.4548598527908325,0.001347781391814351,4194304
HuggingFaceH4/mistral-7b-sft-beta,False,0.0788511335849762,1024,4096,3.3617188930511475,-3.116687406306549,1.016920804977417,-1.565024733543396,1.4555021312058924,-0.9271112503632913,model.layers.13.self_attn.v_proj,1024,28.54316520690918,1024,0.11827385425567627,241.33114953036477,0.11827385425567627,0.0026115139480680227,4194304
HuggingFaceH4/mistral-7b-sft-beta,False,0.035263657569885254,4096,4096,3.48158597946167,-1.3822204369562794,1.1320308446884155,0.0659969374537468,2.0916614307490784,-0.39700884743624837,model.layers.13.self_attn.o_proj,4013,123.49842834472656,4013,0.4008585512638092,308.08480436644334,0.4008585512638092,1.009416337183211e-05,16777216
HuggingFaceH4/mistral-7b-sft-beta,False,0.023351311683654785,14336,4096,3.8919737339019775,2.778501563686293,1.1822725534439087,2.803450584411621,2.7671095552530036,0.713905528057264,model.layers.13.mlp.gate_proj,4096,584.9376220703125,4096,5.174942493438721,113.03268061663516,5.174942493438721,0.007330011110752821,58720256
HuggingFaceH4/mistral-7b-sft-beta,False,0.03222838044166565,14336,4096,5.05778169631958,-0.4024676577476096,1.1905466318130493,0.6732391119003296,2.7254558874036667,-0.07957394800975201,model.layers.13.mlp.up_proj,4096,531.4420166015625,4096,0.8325801491737366,638.3073354907302,0.8325801491737366,0.00794993992894888,58720256
HuggingFaceH4/mistral-7b-sft-beta,False,0.029368817806243896,4096,14336,3.549877882003784,0.6072377324225884,1.1830636262893677,1.5445338487625122,2.7162212090078928,0.17105876669758102,model.layers.13.mlp.down_proj,4096,520.2609252929688,4096,1.4827187061309814,350.88309275502564,1.4827187061309814,0.005485657602548599,58720256
HuggingFaceH4/mistral-7b-sft-beta,False,0.05139666795730591,4096,4096,6.148894309997559,2.209970568654198,1.1012566089630127,2.2407326698303223,2.3574675801527265,0.359409425050774,model.layers.14.self_attn.q_proj,4024,227.75482177734375,4024,2.287754535675049,99.5538718100017,2.287754535675049,1.0309970093658194e-05,16777216
HuggingFaceH4/mistral-7b-sft-beta,False,0.036035358905792236,1024,4096,6.854992389678955,0.3123888518347145,0.9671360850334167,0.35063010454177856,1.9297714067778755,0.04557099907288808,model.layers.14.self_attn.k_proj,1024,85.06901550292969,1024,1.1106340885162354,76.59499774275669,1.1106340885162354,0.0016760074067860842,4194304
HuggingFaceH4/mistral-7b-sft-beta,False,0.09309417009353638,1024,4096,4.46217679977417,-4.107471608341255,1.0220866203308105,-2.542381525039673,1.562395976239075,-0.9205084855779658,model.layers.14.self_attn.v_proj,1024,36.5086669921875,1024,0.12008576095104218,304.02161507784206,0.12008576095104218,0.0028112397994846106,4194304
HuggingFaceH4/mistral-7b-sft-beta,False,0.08298876881599426,4096,4096,3.378545045852661,-1.477205150015156,1.1332303285598755,0.15646344423294067,2.1439567869935514,-0.43723115422968883,model.layers.14.self_attn.o_proj,4021,139.30181884765625,4021,0.3654002547264099,381.23076556680894,0.3654002547264099,1.0245030352962203e-05,16777216
HuggingFaceH4/mistral-7b-sft-beta,False,0.01861417293548584,14336,4096,3.76462459564209,3.057696959660057,1.1803488731384277,3.074585437774658,2.771610623634315,0.812218292150466,model.layers.14.mlp.gate_proj,4096,591.031494140625,4096,6.48960542678833,91.07356384117227,6.48960542678833,0.007006074767559767,58720256
HuggingFaceH4/mistral-7b-sft-beta,False,0.023935765027999878,14336,4096,4.638026714324951,-0.32941417326871997,1.1907038688659668,0.8822361826896667,2.736125800980844,-0.0710246390455871,model.layers.14.mlp.up_proj,4096,544.660400390625,4096,0.8491322994232178,641.4317306744679,0.8491322994232178,0.008948827162384987,58720256
HuggingFaceH4/mistral-7b-sft-beta,False,0.009615302085876465,4096,14336,4.374457836151123,0.5768622026437186,1.1894351243972778,1.1959823369979858,2.723053618319977,0.13187055956430754,model.layers.14.mlp.down_proj,4096,528.510498046875,4096,1.3547855615615845,390.1063851298289,1.3547855615615845,0.014286834746599197,58720256
HuggingFaceH4/mistral-7b-sft-beta,False,0.05070018768310547,4096,4096,2.832869291305542,0.8631538550301188,1.1011542081832886,1.6657696962356567,2.3576198140676587,0.30469243945679186,model.layers.15.self_attn.q_proj,4027,227.8346710205078,4027,2.016937494277954,112.96069990610721,2.016937494277954,1.0057011422759388e-05,16777216
HuggingFaceH4/mistral-7b-sft-beta,False,0.05810725688934326,1024,4096,7.141134262084961,0.4388826327499362,0.9630373120307922,0.4822329878807068,1.927986891997354,0.061458392552585596,model.layers.15.self_attn.k_proj,1024,84.72018432617188,1024,1.1520156860351562,73.54082531441021,1.1520156860351562,0.0021167765371501446,4194304
HuggingFaceH4/mistral-7b-sft-beta,False,0.07390609383583069,1024,4096,21.477745056152344,-22.21718960202318,1.0278693437576294,-21.787384033203125,1.5386949188362584,-1.034428406889904,model.layers.15.self_attn.v_proj,1024,34.569644927978516,1024,0.0923786461353302,374.216838784752,0.0923786461353302,0.003428457770496607,4194304
HuggingFaceH4/mistral-7b-sft-beta,False,0.02339792251586914,4096,4096,4.374215126037598,-1.6259724785686696,1.1368478536605835,-0.4397121071815491,2.1388585603929453,-0.3717175382824767,model.layers.15.self_attn.o_proj,4021,137.6761016845703,4021,0.4248958230018616,324.0231939958777,0.4248958230018616,1.0035501873062458e-05,16777216
HuggingFaceH4/mistral-7b-sft-beta,False,0.024198144674301147,14336,4096,4.015516757965088,3.3374549655470793,1.1806195974349976,3.3446006774902344,2.782262308790955,0.8311395934102328,model.layers.15.mlp.gate_proj,4096,605.7066040039062,4096,6.77859354019165,89.35579341238702,6.77859354019165,0.006548253353685141,58720256
HuggingFaceH4/mistral-7b-sft-beta,False,0.03597170114517212,14336,4096,5.508415222167969,-0.5870571072882371,1.1906532049179077,0.476359099149704,2.7315276811479414,-0.1065745924391638,model.layers.15.mlp.up_proj,4096,538.9241943359375,4096,0.7823938131332397,688.8144886751041,0.7823938131332397,0.0058092884719371796,58720256
HuggingFaceH4/mistral-7b-sft-beta,False,0.010334193706512451,4096,14336,4.5628509521484375,-0.038316981630521496,1.1902756690979004,0.9684129357337952,2.7207144390480837,-0.008397596597469349,model.layers.15.mlp.down_proj,4096,525.6715087890625,4096,0.98084956407547,535.9348956682776,0.98084956407547,0.007697246968746185,58720256
HuggingFaceH4/mistral-7b-sft-beta,False,0.03808891773223877,4096,4096,6.020473480224609,2.389560491372044,1.1039552688598633,2.413461446762085,2.3595414303487443,0.39690574158677216,model.layers.16.self_attn.q_proj,4028,228.84500122070312,4028,2.494053363800049,91.75625691986994,2.494053363800049,1.0120591468876228e-05,16777216
HuggingFaceH4/mistral-7b-sft-beta,False,0.061277687549591064,1024,4096,6.666045665740967,0.7351023268989427,0.9654104113578796,0.7860143184661865,1.957601208181648,0.11027562122427077,model.layers.16.self_attn.k_proj,1024,90.69873046875,1024,1.2890673875808716,70.35996049745683,1.2890673875808716,0.002198697766289115,4194304
HuggingFaceH4/mistral-7b-sft-beta,False,0.1143297553062439,1024,4096,14.394994735717773,-15.563620317431592,1.0299689769744873,-14.316414833068848,1.5432646058606856,-1.0811827724267347,model.layers.16.self_attn.v_proj,1024,34.93531036376953,1024,0.082950159907341,421.16025337134755,0.082950159907341,0.0036428123712539673,4194304
HuggingFaceH4/mistral-7b-sft-beta,False,0.031291067600250244,4096,4096,3.880441665649414,-1.0167309837415677,1.1343570947647095,0.0027220589108765125,2.1399895671658884,-0.26201424253891265,model.layers.16.self_attn.o_proj,4023,138.0351104736328,4023,0.5469980239868164,252.35029089786931,0.5469980239868164,1.0128629583050497e-05,16777216
HuggingFaceH4/mistral-7b-sft-beta,False,0.018986046314239502,14336,4096,4.462675094604492,4.031152544587375,1.1815400123596191,4.032310485839844,2.7970824157982754,0.9033040629512015,model.layers.16.mlp.gate_proj,4096,626.7327880859375,4096,8.003944396972656,78.30299125053737,8.003944396972656,0.0069504487328231335,58720256
HuggingFaceH4/mistral-7b-sft-beta,False,0.02496752142906189,14336,4096,6.017071723937988,-0.4751232283772802,1.192473292350769,0.16641822457313538,2.727758125347616,-0.0789625336336072,model.layers.16.mlp.up_proj,4096,534.2667236328125,4096,0.8337531089782715,640.7972790500696,0.8337531089782715,0.0072885314002633095,58720256
HuggingFaceH4/mistral-7b-sft-beta,False,0.013406217098236084,4096,14336,4.553016185760498,0.12871664405312808,1.190156102180481,0.9716741442680359,2.716527768111676,0.028270631774973215,model.layers.16.mlp.down_proj,4096,520.6282958984375,4096,1.067260980606079,487.81723061099984,1.067260980606079,0.011408836580812931,58720256
HuggingFaceH4/mistral-7b-sft-beta,False,0.026501834392547607,4096,4096,4.84904146194458,2.5510705425645095,1.1153032779693604,2.5611605644226074,2.3657008474840593,0.526097902561854,model.layers.17.self_attn.q_proj,4031,232.11373901367188,4031,3.35813307762146,69.11987513552508,3.35813307762146,1.0347224815632217e-05,16777216
HuggingFaceH4/mistral-7b-sft-beta,False,0.05496478080749512,1024,4096,5.534055709838867,0.9794129751268454,0.9840933084487915,0.9894526600837708,1.9318423579297281,0.1769792402677787,model.layers.17.self_attn.k_proj,1024,85.47563934326172,1024,1.5030701160430908,56.86736661911736,1.5030701160430908,0.0012157460441812873,4194304
HuggingFaceH4/mistral-7b-sft-beta,False,0.05040407180786133,1024,4096,14.633672714233398,-13.40925079687397,1.0251359939575195,-13.19770336151123,1.5409307801234455,-0.9163284609906235,model.layers.17.self_attn.v_proj,1024,34.748077392578125,1024,0.12124715000391006,286.58881789351375,0.12124715000391006,0.0038421412464231253,4194304
HuggingFaceH4/mistral-7b-sft-beta,False,0.05345052480697632,4096,4096,3.4696006774902344,-1.0519002203922492,1.1362236738204956,0.17309972643852234,2.1539580263001445,-0.3031761629563522,model.layers.17.self_attn.o_proj,4029,142.54698181152344,4029,0.49753522872924805,286.50630865999557,0.49753522872924805,1.0239808943879325e-05,16777216
HuggingFaceH4/mistral-7b-sft-beta,False,0.018177449703216553,14336,4096,4.81911563873291,4.14702274371509,1.1841907501220703,4.147804260253906,2.8038977623027974,0.8605360515493807,model.layers.17.mlp.gate_proj,4096,636.6456298828125,4096,7.253306865692139,87.773155289227,7.253306865692139,0.003945418633520603,58720256
HuggingFaceH4/mistral-7b-sft-beta,False,0.010840535163879395,14336,4096,6.006586074829102,-0.53332184724632,1.193712830543518,0.171050563454628,2.733419457430794,-0.08878951214588131,model.layers.17.mlp.up_proj,4096,541.27685546875,4096,0.8150992393493652,664.0625206579903,0.8150992393493652,0.0047352733090519905,58720256
HuggingFaceH4/mistral-7b-sft-beta,False,0.011313557624816895,4096,14336,4.657837867736816,-0.012453257351706194,1.1911513805389404,0.9257089495658875,2.722294316492129,-0.0026736133170210735,model.layers.17.mlp.down_proj,4096,527.5872802734375,4096,0.9938626885414124,530.8452428652109,0.9938626885414124,0.007200409658253193,58720256
HuggingFaceH4/mistral-7b-sft-beta,False,0.06794601678848267,4096,4096,2.3314757347106934,0.9794692804813967,1.1054368019104004,1.765136480331421,2.3699974851022447,0.42010700171534765,model.layers.18.self_attn.q_proj,4027,234.42152404785156,4027,2.630916118621826,89.10262185426515,2.630916118621826,1.0115762052009813e-05,16777216
HuggingFaceH4/mistral-7b-sft-beta,False,0.06122589111328125,1024,4096,7.100950241088867,0.3510298724277119,0.9762529134750366,0.3587530851364136,1.903087129171638,0.04943421098721636,model.layers.18.self_attn.k_proj,1024,79.99947357177734,1024,1.1205576658248901,71.39255391456032,1.1205576658248901,0.0016403308836743236,4194304
HuggingFaceH4/mistral-7b-sft-beta,False,0.0561576783657074,1024,4096,10.079194068908691,-8.930263944555202,1.0323690176010132,-8.81462574005127,1.5306056886962116,-0.8860097229502112,model.layers.18.self_attn.v_proj,1024,33.931705474853516,1024,0.13001404702663422,260.984918559626,0.13001404702663422,0.004151352681219578,4194304
HuggingFaceH4/mistral-7b-sft-beta,False,0.03927239775657654,4096,4096,5.506967067718506,-0.9941541060551092,1.139678955078125,-0.8905184268951416,2.133403719941128,-0.18052661180466795,model.layers.18.self_attn.o_proj,4026,135.95767211914062,4026,0.6598927974700928,206.02993795413022,0.6598927974700928,1.0418951205792837e-05,16777216
HuggingFaceH4/mistral-7b-sft-beta,False,0.020327746868133545,14336,4096,4.651174545288086,4.2689602607003625,1.183415174484253,4.269839286804199,2.807168809663492,0.9178241364915172,model.layers.18.mlp.gate_proj,4096,641.4588623046875,4096,8.276069641113281,77.5076685094689,8.276069641113281,0.0050527662970125675,58720256
HuggingFaceH4/mistral-7b-sft-beta,False,0.01068948209285736,14336,4096,6.008038520812988,0.051516415707844355,1.1934627294540405,0.38913190364837646,2.7341786379229416,0.008574581459386735,model.layers.18.mlp.up_proj,4096,542.223876953125,4096,1.01993989944458,531.623360600364,1.01993989944458,0.0051925587467849255,58720256
HuggingFaceH4/mistral-7b-sft-beta,False,0.019804149866104126,4096,14336,5.5879435539245605,-0.185003255307233,1.1943339109420776,0.4215277433395386,2.720180912573313,-0.03310757410520017,model.layers.18.mlp.down_proj,4096,525.026123046875,4096,0.9266002774238586,566.6155470043208,0.9266002774238586,0.010464549995958805,58720256
HuggingFaceH4/mistral-7b-sft-beta,False,0.04638099670410156,4096,4096,5.557642936706543,2.4138767078462955,1.1194899082183838,2.4225714206695557,2.3388398888285256,0.43433461547221275,model.layers.19.self_attn.q_proj,4034,218.19253540039062,4034,2.7185330390930176,80.26113064021692,2.7185330390930176,1.0072146324091591e-05,16777216
HuggingFaceH4/mistral-7b-sft-beta,False,0.06481879949569702,1024,4096,3.0079751014709473,0.3316799866941487,0.9760662317276001,0.7613939642906189,1.888354190470102,0.11026686575030224,model.layers.19.self_attn.k_proj,1024,77.33110046386719,1024,1.2890413999557495,59.99116899311522,1.2890413999557495,0.0012151459231972694,4194304
HuggingFaceH4/mistral-7b-sft-beta,False,0.04541981220245361,1024,4096,5.763690948486328,-5.02562577560728,1.0332046747207642,-3.910414934158325,1.6105459980713022,-0.8719457411100642,model.layers.19.self_attn.v_proj,1024,40.789276123046875,1024,0.13429327309131622,303.7328317652303,0.13429327309131622,0.004905735608190298,4194304
HuggingFaceH4/mistral-7b-sft-beta,False,0.025621414184570312,4096,4096,3.6296470165252686,-0.2023238127367654,1.1420332193374634,0.24552381038665771,2.167342759307699,-0.05574200791856997,model.layers.19.self_attn.o_proj,4032,147.00860595703125,4032,0.8795448541641235,167.14168158796295,0.8795448541641235,1.0169682354899123e-05,16777216
HuggingFaceH4/mistral-7b-sft-beta,False,0.016942262649536133,14336,4096,4.776303291320801,4.424425337758873,1.1845027208328247,4.425021648406982,2.8168230575401254,0.9263283899493278,model.layers.19.mlp.gate_proj,4096,655.8779907226562,4096,8.439726829528809,77.71317768578466,8.439726829528809,0.004740317352116108,58720256
HuggingFaceH4/mistral-7b-sft-beta,False,0.014153897762298584,14336,4096,6.458372592926025,0.15905540617323902,1.1935917139053345,0.3973754048347473,2.7321947136298568,0.024627784149129976,model.layers.19.mlp.up_proj,4096,539.7525634765625,4096,1.0583462715148926,509.99618745193203,1.0583462715148926,0.00541099114343524,58720256
HuggingFaceH4/mistral-7b-sft-beta,False,0.031501173973083496,4096,14336,6.646392345428467,-0.22211362318081335,1.195825457572937,0.1302379071712494,2.719307713118919,-0.03341867461880849,model.layers.19.mlp.down_proj,4096,523.9715576171875,4096,0.925936758518219,565.882661852308,0.925936758518219,0.007867527194321156,58720256
HuggingFaceH4/mistral-7b-sft-beta,False,0.041803717613220215,4096,4096,5.219920635223389,2.46620141249901,1.1214767694473267,2.473055839538574,2.333900920011349,0.4724595611391834,model.layers.20.self_attn.q_proj,4038,215.7252197265625,4038,2.967970371246338,72.68442495804739,2.967970371246338,1.0635859325702768e-05,16777216
HuggingFaceH4/mistral-7b-sft-beta,False,0.055495500564575195,1024,4096,6.284073829650879,0.5946091049013088,0.9822138547897339,0.6027954816818237,1.8689985995057432,0.09462159755280011,model.layers.20.self_attn.k_proj,1024,73.96028900146484,1024,1.243430733680725,59.480827518660625,1.243430733680725,0.0022114517632871866,4194304
HuggingFaceH4/mistral-7b-sft-beta,False,0.10641896724700928,1024,4096,42.92375564575195,-42.14764214117058,1.0282659530639648,-41.54726028442383,1.630388383972733,-0.9819187884912353,model.layers.20.self_attn.v_proj,1024,42.69611740112305,1024,0.10425123572349548,409.5502283960023,0.10425123572349548,0.004965937230736017,4194304
HuggingFaceH4/mistral-7b-sft-beta,False,0.04520004987716675,4096,4096,4.5645294189453125,-0.9506287236306931,1.1457759141921997,-0.5333582758903503,2.1790168818489897,-0.20826434367693195,model.layers.20.self_attn.o_proj,4039,151.01388549804688,4039,0.6190641522407532,243.9389923506955,0.6190641522407532,1.0120153092429973e-05,16777216
HuggingFaceH4/mistral-7b-sft-beta,False,0.012482941150665283,14336,4096,4.761624336242676,4.461945451157076,1.185089111328125,4.462387561798096,2.823746539415654,0.9370637278534091,model.layers.20.mlp.gate_proj,4096,666.417724609375,4096,8.650948524475098,77.03406426751457,8.650948524475098,0.0048955706879496574,58720256
HuggingFaceH4/mistral-7b-sft-beta,False,0.019639253616333008,14336,4096,7.033284664154053,0.03910201341479852,1.1937720775604248,0.17787916958332062,2.722944869537149,0.005559566444692115,model.layers.20.mlp.up_proj,4096,528.378173828125,4096,1.0128836631774902,521.6573166661253,1.0128836631774902,0.004972933325916529,58720256
HuggingFaceH4/mistral-7b-sft-beta,False,0.03649735450744629,4096,14336,8.62234115600586,-0.8514454602853477,1.1961716413497925,-0.7128239870071411,2.7146447642648854,-0.0987487556894309,model.layers.20.mlp.down_proj,4096,518.3758544921875,4096,0.7966200709342957,650.7190483968393,0.7966200709342957,0.0069631910882890224,58720256
HuggingFaceH4/mistral-7b-sft-beta,False,0.0513840913772583,4096,4096,3.1272881031036377,1.5629654080618711,1.1307311058044434,1.6673206090927124,2.333863840904009,0.49978299297424045,model.layers.21.self_attn.q_proj,4040,215.70680236816406,4040,3.1606979370117188,68.24657296169973,3.1606979370117188,1.0021220077760518e-05,16777216
HuggingFaceH4/mistral-7b-sft-beta,False,0.056268930435180664,1024,4096,3.3746724128723145,0.249482741239952,0.9907194972038269,0.5088239312171936,1.8723598325957276,0.07392798788063923,model.layers.21.self_attn.k_proj,1024,74.53492736816406,1024,1.1855721473693848,62.868318502207075,1.1855721473693848,0.0014909590827301145,4194304
HuggingFaceH4/mistral-7b-sft-beta,False,0.05853831768035889,1024,4096,4.585363388061523,-3.8562676251430537,1.0222736597061157,-2.3087143898010254,1.6412719609535142,-0.8409949874819633,model.layers.21.self_attn.v_proj,1024,43.77961730957031,1024,0.14421319961547852,303.5756603854687,0.14421319961547852,0.004344310611486435,4194304
HuggingFaceH4/mistral-7b-sft-beta,False,0.034812748432159424,4096,4096,6.492334365844727,-1.766347490982578,1.154071569442749,-1.682206630706787,2.184727205444221,-0.27206662372090507,model.layers.21.self_attn.o_proj,4044,153.01260375976562,4044,0.5344823598861694,286.28185931590565,0.5344823598861694,1.0098145139636472e-05,16777216
HuggingFaceH4/mistral-7b-sft-beta,False,0.012730419635772705,14336,4096,4.835817813873291,4.7088091772315925,1.1850212812423706,4.709088325500488,2.8406142608997906,0.9737358516118353,model.layers.21.mlp.gate_proj,4096,692.8101806640625,4096,9.413168907165527,73.60010082647928,9.413168907165527,0.004923611879348755,58720256
HuggingFaceH4/mistral-7b-sft-beta,False,0.032459378242492676,14336,4096,8.401561737060547,-0.1662753624595373,1.1941828727722168,-0.1236620619893074,2.708206662645912,-0.019791006441822807,model.layers.21.mlp.up_proj,4096,510.74798583984375,4096,0.9554522633552551,534.5614903315562,0.9554522633552551,0.004829687532037497,58720256
HuggingFaceH4/mistral-7b-sft-beta,False,0.04136967658996582,4096,14336,8.683236122131348,-1.4261423578100723,1.1956442594528198,-1.1490730047225952,2.7038951394122055,-0.16424088182690325,model.layers.21.mlp.down_proj,4096,505.7025451660156,4096,0.6851081252098083,738.1353782822947,0.6851081252098083,0.005842648446559906,58720256
HuggingFaceH4/mistral-7b-sft-beta,False,0.02773505449295044,4096,4096,4.539350986480713,2.1638609694576636,1.1407500505447388,2.167818069458008,2.3106405539152286,0.47668950383042996,model.layers.22.self_attn.q_proj,4044,204.47515869140625,4044,2.997019052505493,68.22617911636766,2.997019052505493,1.0203259989793878e-05,16777216
HuggingFaceH4/mistral-7b-sft-beta,False,0.04896889626979828,1024,4096,5.6486735343933105,-0.22185217771963064,0.9974478483200073,-0.1792738437652588,1.8470757032004093,-0.03927509288133403,model.layers.22.self_attn.k_proj,1024,70.31948852539062,1024,0.91353440284729,76.97519470117372,0.91353440284729,0.0014627715572714806,4194304
HuggingFaceH4/mistral-7b-sft-beta,False,0.0756569504737854,1024,4096,24.864465713500977,-21.212496392839906,1.0241448879241943,-20.732595443725586,1.6635350654014982,-0.8531249630400015,model.layers.22.self_attn.v_proj,1024,46.0823974609375,1024,0.14024101197719574,328.5943021320386,0.14024101197719574,0.007249800954014063,4194304
HuggingFaceH4/mistral-7b-sft-beta,False,0.03066083788871765,4096,4096,5.602427959442139,-1.1308230191103967,1.1561894416809082,-1.0385239124298096,2.1947051012364556,-0.20184516914752054,model.layers.22.self_attn.o_proj,4047,156.56875610351562,4047,0.6282823085784912,249.20128096198894,0.6282823085784912,1.0278563422616571e-05,16777216
HuggingFaceH4/mistral-7b-sft-beta,False,0.017715871334075928,14336,4096,5.234506130218506,4.771601440230374,1.186862826347351,4.7717604637146,2.838738591466613,0.9115666925451078,model.layers.22.mlp.gate_proj,4096,689.824462890625,4096,8.15768051147461,84.5613482803496,8.15768051147461,0.005202957894653082,58720256
HuggingFaceH4/mistral-7b-sft-beta,False,0.03832310438156128,14336,4096,8.722190856933594,-0.11295563880822328,1.194427728652954,-0.08713006228208542,2.7099900807470862,-0.012950374586040002,model.layers.22.mlp.up_proj,4096,512.8496704101562,4096,0.97062087059021,528.3728033771882,0.97062087059021,0.005644672550261021,58720256
HuggingFaceH4/mistral-7b-sft-beta,False,0.03217422962188721,4096,14336,7.357507705688477,-0.8232174724651661,1.1947722434997559,-0.5205637812614441,2.7062763089643975,-0.11188808838469762,model.layers.22.mlp.down_proj,4096,508.48284912109375,4096,0.7728797197341919,657.9068335445141,0.7728797197341919,0.005895246285945177,58720256
HuggingFaceH4/mistral-7b-sft-beta,False,0.018814802169799805,4096,4096,4.288747787475586,2.2683007859783313,1.1373202800750732,2.274293899536133,2.317948242646021,0.5288958218999125,model.layers.23.self_attn.q_proj,4041,207.94488525390625,4041,3.3798375129699707,61.525113102605474,3.3798375129699707,1.042781241267221e-05,16777216
HuggingFaceH4/mistral-7b-sft-beta,False,0.02526259422302246,1024,4096,4.881253242492676,0.3364387725539574,0.9974964261054993,0.3774404227733612,1.8625968450961645,0.0689246707433992,model.layers.23.self_attn.k_proj,1024,72.87806701660156,1024,1.1719920635223389,62.18307212556688,1.1719920635223389,0.0014340089401230216,4194304
HuggingFaceH4/mistral-7b-sft-beta,False,0.06296056509017944,1024,4096,15.959248542785645,-13.086940416734238,1.0281974077224731,-12.640002250671387,1.6947359750257602,-0.8200223451404403,model.layers.23.self_attn.v_proj,1024,49.51490783691406,1024,0.15134833753108978,327.1585842609125,0.15134833753108978,0.007979878224432468,4194304
HuggingFaceH4/mistral-7b-sft-beta,False,0.06201861798763275,4096,4096,6.984199523925781,-0.3561033379263254,1.1513811349868774,-0.3514673709869385,2.2043534320438667,-0.05098699381459847,model.layers.23.self_attn.o_proj,4044,160.08602905273438,4044,0.8892277479171753,180.02815299871315,0.8892277479171753,1.0062345609185286e-05,16777216
HuggingFaceH4/mistral-7b-sft-beta,False,0.027754008769989014,14336,4096,5.315654277801514,4.853644667093066,1.187687873840332,4.853778839111328,2.841055027141593,0.9130850904586051,model.layers.23.mlp.gate_proj,4096,693.513671875,4096,8.186251640319824,84.71687682543624,8.186251640319824,0.005280441604554653,58720256
HuggingFaceH4/mistral-7b-sft-beta,False,0.04415863752365112,14336,4096,9.265527725219727,-0.47782276958027814,1.194969892501831,-0.45189788937568665,2.709497801265508,-0.05156994655357818,model.layers.23.mlp.up_proj,4096,512.2686767578125,4096,0.8880349397659302,576.8564431629652,0.8880349397659302,0.005326461046934128,58720256
HuggingFaceH4/mistral-7b-sft-beta,False,0.0342940092086792,4096,14336,5.977496147155762,-0.47026599799300295,1.1936194896697998,0.18547268211841583,2.7073113936305244,-0.07867273962472848,model.layers.23.mlp.down_proj,4096,509.6961975097656,4096,0.8343096375465393,610.9197048336073,0.8343096375465393,0.004808824043720961,58720256
HuggingFaceH4/mistral-7b-sft-beta,False,0.02880537509918213,4096,4096,3.5018417835235596,1.7856230990502207,1.1399104595184326,1.8127678632736206,2.310741852213659,0.5099097016466356,model.layers.24.self_attn.q_proj,4046,204.52285766601562,4046,3.2352638244628906,63.21674792625913,3.2352638244628906,1.0171220310439821e-05,16777216
HuggingFaceH4/mistral-7b-sft-beta,False,0.036847710609436035,1024,4096,5.437885761260986,-0.019899221662202444,1.0034266710281372,0.003681386820971966,1.8472635271644409,-0.00365936736000648,model.layers.24.self_attn.k_proj,1024,70.34990692138672,1024,0.9916093945503235,70.94517993477572,0.9916093945503235,0.0015904929023236036,4194304
HuggingFaceH4/mistral-7b-sft-beta,False,0.031073421239852905,1024,4096,8.179387092590332,-6.138349207967867,1.0311020612716675,-5.52902364730835,1.7009647243679948,-0.7504656691854782,model.layers.24.self_attn.v_proj,1024,50.23017883300781,1024,0.17763736844062805,282.76808688368016,0.17763736844062805,0.008443491533398628,4194304
HuggingFaceH4/mistral-7b-sft-beta,False,0.020184218883514404,4096,4096,5.481512069702148,-2.2266872584383357,1.1565221548080444,-1.3930166959762573,2.209630763723363,-0.40621770601324764,model.layers.24.self_attn.o_proj,4048,162.04318237304688,4048,0.39244815707206726,412.9034101777934,0.39244815707206726,1.0069706149806734e-05,16777216
HuggingFaceH4/mistral-7b-sft-beta,False,0.03260010480880737,14336,4096,5.480775356292725,5.228207976967151,1.1879066228866577,5.228277683258057,2.847828468938416,0.9539175822932444,model.layers.24.mlp.gate_proj,4096,704.414794921875,4096,8.993268966674805,78.32689064812071,8.993268966674805,0.005594221409410238,58720256
HuggingFaceH4/mistral-7b-sft-beta,False,0.051387012004852295,14336,4096,9.746453285217285,-0.5625278971709774,1.195410132408142,-0.520307183265686,2.707799299250498,-0.057716164096757026,model.layers.24.mlp.up_proj,4096,510.2691345214844,4096,0.8755558133125305,582.7945252181694,0.8755558133125305,0.005410871002823114,58720256
HuggingFaceH4/mistral-7b-sft-beta,False,0.0355755090713501,4096,14336,4.434298992156982,0.43140660809703035,1.1914327144622803,1.0293251276016235,2.7065624607254497,0.09728857004456991,model.layers.24.mlp.down_proj,4096,508.8179931640625,4096,1.2510900497436523,406.6997361767197,1.2510900497436523,0.0047739166766405106,58720256
HuggingFaceH4/mistral-7b-sft-beta,False,0.03162097930908203,4096,4096,4.483784198760986,2.0770055871473447,1.1426297426223755,2.081134080886841,2.2932276369041205,0.4632260374442838,model.layers.25.self_attn.q_proj,4046,196.43896484375,4046,2.905534505844116,67.60854653374028,2.905534505844116,1.095957759389421e-05,16777216
HuggingFaceH4/mistral-7b-sft-beta,False,0.0492779016494751,1024,4096,5.114719867706299,-0.13656533656387435,1.0004980564117432,-0.08935470134019852,1.8182746553198932,-0.026700452829514828,model.layers.25.self_attn.k_proj,1024,65.80738830566406,1024,0.9403716921806335,69.98018852849867,0.9403716921806335,0.001928916317410767,4194304
HuggingFaceH4/mistral-7b-sft-beta,False,0.04228925704956055,1024,4096,7.319463729858398,-5.619861752466403,1.0277796983718872,-4.484982967376709,1.7268961659747166,-0.767796926097361,model.layers.25.self_attn.v_proj,1024,53.32073974609375,1024,0.17068803310394287,312.38710046897864,0.17068803310394287,0.008700579404830933,4194304
HuggingFaceH4/mistral-7b-sft-beta,False,0.02683776617050171,4096,4096,6.057436466217041,-1.997307523479541,1.154603123664856,-1.4516159296035767,2.2354510373518606,-0.3297281836332473,model.layers.25.self_attn.o_proj,4049,171.96934509277344,4049,0.4680279791355133,367.43389873916334,0.4680279791355133,1.0071516044263262e-05,16777216
HuggingFaceH4/mistral-7b-sft-beta,False,0.038024306297302246,14336,4096,5.664680480957031,5.42668088776066,1.188457727432251,5.42674446105957,2.847279210818326,0.9579853455112861,model.layers.25.mlp.gate_proj,4096,703.5244750976562,4096,9.077898979187012,77.49860146170758,9.077898979187012,0.00460271630436182,58720256
HuggingFaceH4/mistral-7b-sft-beta,False,0.06085994839668274,14336,4096,9.824968338012695,-0.06920381156189474,1.1956968307495117,-0.04674055799841881,2.712508820583816,-0.007043667641568467,model.layers.25.mlp.up_proj,4096,515.8326416015625,4096,0.9839121699333191,524.2669593532125,0.9839121699333191,0.004870548844337463,58720256
HuggingFaceH4/mistral-7b-sft-beta,False,0.03110182285308838,4096,14336,4.401641845703125,0.4673342752108686,1.1890437602996826,1.2386069297790527,2.712069442783511,0.10617271727073377,model.layers.25.mlp.down_proj,4096,515.31103515625,4096,1.2769465446472168,403.549418193238,1.2769465446472168,0.004717420320957899,58720256
HuggingFaceH4/mistral-7b-sft-beta,False,0.029698818922042847,4096,4096,3.4541420936584473,1.76024931716127,1.140616774559021,1.783743977546692,2.281019454197834,0.5096053576930026,model.layers.26.self_attn.q_proj,4044,190.99388122558594,4044,3.232997417449951,59.07641008146356,3.232997417449951,1.0332582860428374e-05,16777216
HuggingFaceH4/mistral-7b-sft-beta,False,0.033455222845077515,1024,4096,4.746829986572266,0.11064742711381072,0.997171938419342,0.14126412570476532,1.7857335295409873,0.023309751439762508,model.layers.26.self_attn.k_proj,1024,61.05672836303711,1024,1.055139183998108,57.866042024600425,1.055139183998108,0.002008360344916582,4194304
HuggingFaceH4/mistral-7b-sft-beta,False,0.04719477891921997,1024,4096,9.668110847473145,-6.0916826494808936,1.025494933128357,-5.7425689697265625,1.7521105477117394,-0.6300799344965118,model.layers.26.self_attn.v_proj,1024,56.508079528808594,1024,0.23437973856925964,241.09626486382632,0.23437973856925964,0.008598155342042446,4194304
HuggingFaceH4/mistral-7b-sft-beta,False,0.025610268115997314,4096,4096,4.9307780265808105,-0.05815572400799675,1.1511913537979126,0.04659777879714966,2.2406296004158075,-0.011794431567288407,model.layers.26.self_attn.o_proj,4047,174.03219604492188,4047,0.9732077717781067,178.82326990356336,0.9732077717781067,1.0359496627643239e-05,16777216
HuggingFaceH4/mistral-7b-sft-beta,False,0.039706528186798096,14336,4096,5.68441104888916,5.382528634817478,1.188685417175293,5.3826375007629395,2.843016749387921,0.9468929302481256,model.layers.26.mlp.gate_proj,4096,696.6533813476562,4096,8.848974227905273,78.72702116712661,8.848974227905273,0.0028715592343360186,58720256
HuggingFaceH4/mistral-7b-sft-beta,False,0.06193500757217407,14336,4096,9.945788383483887,0.4017233936897801,1.195825457572937,0.415331095457077,2.7218849498149806,0.04039130717449081,model.layers.26.mlp.up_proj,4096,527.0902099609375,4096,1.0974665880203247,480.2790496900084,1.0974665880203247,0.0029877612832933664,58720256
HuggingFaceH4/mistral-7b-sft-beta,False,0.02885448932647705,4096,14336,3.8956425189971924,0.06102811222419222,1.1864252090454102,1.3976225852966309,2.722379519181141,0.015665737276094303,model.layers.26.mlp.down_proj,4096,527.6907958984375,4096,1.036730170249939,508.9953114523712,1.036730170249939,0.004564736038446426,58720256
HuggingFaceH4/mistral-7b-sft-beta,False,0.027635037899017334,4096,4096,4.592135906219482,2.3063264838840754,1.1454908847808838,2.307823896408081,2.291172183524492,0.5022339344879667,model.layers.27.self_attn.q_proj,4046,195.51144409179688,4046,3.1785857677459717,61.50894088676417,3.1785857677459717,1.036385219777003e-05,16777216
HuggingFaceH4/mistral-7b-sft-beta,False,0.025481760501861572,1024,4096,5.102382183074951,0.40047137221059187,1.009140133857727,0.40592288970947266,1.8259499633932887,0.07848713754508443,model.layers.27.self_attn.k_proj,1024,66.98074340820312,1024,1.1980836391448975,55.906567137507174,1.1980836391448975,0.0009329365566372871,4194304
HuggingFaceH4/mistral-7b-sft-beta,False,0.03378558158874512,1024,4096,6.8274006843566895,-3.80589937376977,1.028262972831726,-3.5482990741729736,1.729660762800732,-0.5574448534257046,model.layers.27.self_attn.v_proj,1024,53.66124725341797,1024,0.2770480811595917,193.6892940345137,0.2770480811595917,0.006607210263609886,4194304
HuggingFaceH4/mistral-7b-sft-beta,False,0.010612666606903076,4096,4096,4.253383636474609,0.24673471989188842,1.1476672887802124,0.4604887068271637,2.2292995216536284,0.05800904432321392,model.layers.27.self_attn.o_proj,4046,169.55067443847656,4046,1.142902135848999,148.35099972275992,1.142902135848999,1.0180716344621032e-05,16777216
HuggingFaceH4/mistral-7b-sft-beta,False,0.02958238124847412,14336,4096,5.611234664916992,5.383707903849432,1.1891318559646606,5.383842468261719,2.8439669057799586,0.9594515691011604,model.layers.27.mlp.gate_proj,4096,698.17919921875,4096,9.108598709106445,76.65056080698075,9.108598709106445,0.005772228818386793,58720256
HuggingFaceH4/mistral-7b-sft-beta,False,0.06741291284561157,14336,4096,9.007880210876465,1.6350667215597043,1.1960835456848145,1.636015772819519,2.7286485810881915,0.18151514932286303,model.layers.27.mlp.up_proj,4096,535.36328125,4096,1.5188509225845337,352.47914939473173,1.5188509225845337,0.006455914117395878,58720256
HuggingFaceH4/mistral-7b-sft-beta,False,0.04010692238807678,4096,14336,3.611621618270874,0.2095433648686463,1.1848422288894653,1.6241109371185303,2.7291703284819557,0.05801919110478932,model.layers.27.mlp.down_proj,4096,536.0068359375,4096,1.1429288387298584,468.9765607219839,1.1429288387298584,0.005702391732484102,58720256
HuggingFaceH4/mistral-7b-sft-beta,False,0.030575573444366455,4096,4096,3.3430559635162354,1.8165534074710727,1.1338225603103638,1.8431507349014282,2.261471027756063,0.5433810942130974,model.layers.28.self_attn.q_proj,4039,182.58749389648438,4039,3.4944682121276855,52.25043778129316,3.4944682121276855,1.005237481876975e-05,16777216
HuggingFaceH4/mistral-7b-sft-beta,False,0.04145452380180359,1024,4096,5.006129741668701,0.05378589797451861,0.9902927279472351,0.06927761435508728,1.732520141656892,0.010744007996203085,model.layers.28.self_attn.k_proj,1024,54.015716552734375,1024,1.0250475406646729,52.69581595962749,1.0250475406646729,0.0015949737280607224,4194304
HuggingFaceH4/mistral-7b-sft-beta,False,0.06216728687286377,1024,4096,3.2088406085968018,-1.3002246806919193,1.0178476572036743,-0.08702541887760162,1.8554098781509991,-0.40520076852944603,model.layers.28.self_attn.v_proj,1024,71.68196105957031,1024,0.3933681845664978,182.2261277651769,0.3933681845664978,0.006788525730371475,4194304
HuggingFaceH4/mistral-7b-sft-beta,False,0.020175576210021973,4096,4096,5.607214450836182,-0.384923399037222,1.1456180810928345,-0.2828737497329712,2.283032000229238,-0.06864788254706754,model.layers.28.self_attn.o_proj,4043,191.88101196289062,4043,0.8537920713424683,224.73974449210408,0.8537920713424683,1.0559959264355712e-05,16777216
HuggingFaceH4/mistral-7b-sft-beta,False,0.029799461364746094,14336,4096,4.842118740081787,4.623398064475083,1.1882290840148926,4.625405788421631,2.839631999863052,0.9548295514118248,model.layers.28.mlp.gate_proj,4096,691.2449951171875,4096,9.012173652648926,76.70125119193764,9.012173652648926,0.00673954002559185,58720256
HuggingFaceH4/mistral-7b-sft-beta,False,0.05411595106124878,14336,4096,7.461526870727539,2.9526042530576633,1.1952097415924072,2.952993631362915,2.7409865587774327,0.3957104630475945,model.layers.28.mlp.up_proj,4096,550.7906494140625,4096,2.4871985912323,221.45020962767973,2.4871985912323,0.006683263927698135,58720256
HuggingFaceH4/mistral-7b-sft-beta,False,0.02479875087738037,4096,14336,4.35378360748291,-0.4999646312427811,1.1903256177902222,1.0527284145355225,2.7385746432937066,-0.11483451551967001,model.layers.28.mlp.down_proj,4096,547.740234375,4096,0.7676539421081543,713.5249418126863,0.7676539421081543,0.0049571748822927475,58720256
HuggingFaceH4/mistral-7b-sft-beta,False,0.021918416023254395,4096,4096,3.240206480026245,1.7494040013314751,1.129307746887207,1.7866568565368652,2.226983343509966,0.5399050992939516,model.layers.29.self_attn.q_proj,4030,168.64883422851562,4030,3.466610908508301,48.649484663707476,3.466610908508301,1.0288275007042103e-05,16777216
HuggingFaceH4/mistral-7b-sft-beta,False,0.02754741907119751,1024,4096,3.823648452758789,0.033446727923193205,0.987467348575592,0.11001412570476532,1.6827213914276584,0.008747333426811546,model.layers.29.self_attn.k_proj,1024,48.16387176513672,1024,1.020345687866211,47.20348440523035,1.020345687866211,0.0008055202779360116,4194304
HuggingFaceH4/mistral-7b-sft-beta,False,0.0854346752166748,1024,4096,7.3430256843566895,-4.581334984863705,1.027902603149414,-3.0491628646850586,1.9579615561942596,-0.6239028953178813,model.layers.29.self_attn.v_proj,1024,90.77401733398438,1024,0.23773717880249023,381.82508007886537,0.23773717880249023,0.00639674486592412,4194304
HuggingFaceH4/mistral-7b-sft-beta,False,0.04573476314544678,4096,4096,6.208415508270264,-0.49150490052259266,1.1460374593734741,-0.23743771016597748,2.325221566539686,-0.0791675267011134,model.layers.29.self_attn.o_proj,4044,211.45675659179688,4044,0.8333596587181091,253.74009214348578,0.8333596587181091,1.0109882168762852e-05,16777216
HuggingFaceH4/mistral-7b-sft-beta,False,0.03401970863342285,14336,4096,4.3299665451049805,3.8607851958671153,1.1870510578155518,3.87070369720459,2.8346909700451053,0.8916431930015085,model.layers.29.mlp.gate_proj,4096,683.4251708984375,4096,7.791896820068359,87.70973059322951,7.791896820068359,0.007837392389774323,58720256
HuggingFaceH4/mistral-7b-sft-beta,False,0.044284164905548096,14336,4096,5.956006050109863,3.248689202837252,1.19286048412323,3.283052921295166,2.7527622893689125,0.5454475995331347,model.layers.29.mlp.up_proj,4096,565.929443359375,4096,3.5111355781555176,161.18131321396342,3.5111355781555176,0.008110868744552135,58720256
HuggingFaceH4/mistral-7b-sft-beta,False,0.026485145092010498,4096,14336,8.305906295776367,-0.22037634017397986,1.1942473649978638,-0.14808425307273865,2.7419821498445294,-0.02653248571875213,model.layers.29.mlp.down_proj,4096,552.0547485351562,4096,0.9407354593276978,586.8331453453296,0.9407354593276978,0.005618226248770952,58720256
HuggingFaceH4/mistral-7b-sft-beta,False,0.03053542971611023,4096,4096,3.9354076385498047,2.3132761347884436,1.1209899187088013,2.3213019371032715,2.2257537603412514,0.5878110598069796,model.layers.30.self_attn.q_proj,4030,168.17202758789062,4030,3.87089204788208,43.44529000231465,3.87089204788208,1.0450940862938296e-05,16777216
HuggingFaceH4/mistral-7b-sft-beta,False,0.04625725746154785,1024,4096,4.482142448425293,-0.012953875882736257,0.9775059223175049,0.02035411074757576,1.6585103416023328,-0.002890108030209377,model.layers.30.self_attn.k_proj,1024,45.552303314208984,1024,0.9933673739433289,45.856452012694874,0.9933673739433289,0.000984359416179359,4194304
HuggingFaceH4/mistral-7b-sft-beta,False,0.047369033098220825,1024,4096,10.425127983093262,-2.750837166819079,1.0142278671264648,-2.6674792766571045,1.9764757301919238,-0.2638660332304978,model.layers.30.self_attn.v_proj,1024,94.72742462158203,1024,0.5446706414222717,173.9168910852712,0.5446706414222717,0.00660359114408493,4194304
HuggingFaceH4/mistral-7b-sft-beta,False,0.016282498836517334,4096,4096,4.799686431884766,1.3652909707703238,1.1402690410614014,1.3876973390579224,2.3380393211783694,0.28445420136210736,model.layers.30.self_attn.o_proj,4044,217.7906951904297,4044,1.925104022026062,113.1319101194425,1.925104022026062,1.0655213372956496e-05,16777216
HuggingFaceH4/mistral-7b-sft-beta,False,0.023707687854766846,14336,4096,3.6664178371429443,3.125222546480205,1.1867183446884155,3.188166856765747,2.84120792501501,0.8523912672527074,model.layers.30.mlp.gate_proj,4096,693.7578735351562,4096,7.1185455322265625,97.45781218851884,7.1185455322265625,0.00863642618060112,58720256
HuggingFaceH4/mistral-7b-sft-beta,False,0.04379755258560181,14336,4096,5.284554481506348,4.556638639679364,1.189154863357544,4.556900501251221,2.765784161823223,0.86225596795825,model.layers.30.mlp.up_proj,4096,583.1552124023438,4096,7.282088756561279,80.08076142671449,7.282088756561279,0.00879020243883133,58720256
HuggingFaceH4/mistral-7b-sft-beta,False,0.02451765537261963,4096,14336,6.871387958526611,0.8684686103972632,1.1935480833053589,0.9055725932121277,2.7430166609156936,0.12638911026986802,model.layers.30.mlp.down_proj,4096,553.371337890625,4096,1.3377935886383057,413.6447824166079,1.3377935886383057,0.008050978183746338,58720256
HuggingFaceH4/mistral-7b-sft-beta,False,0.030461430549621582,4096,4096,3.8779497146606445,2.4311292513558307,1.1103047132492065,2.4413294792175293,2.2156315617562576,0.6269109788001922,model.layers.31.self_attn.q_proj,4026,164.2977294921875,4026,4.235561370849609,38.79007175363654,4.235561370849609,1.0094329809362534e-05,16777216
HuggingFaceH4/mistral-7b-sft-beta,False,0.04046541452407837,1024,4096,3.8056085109710693,0.04047687809642591,0.9731987714767456,0.13570347428321838,1.652416125297855,0.010636111933147193,model.layers.31.self_attn.k_proj,1024,44.91755676269531,1024,1.0247929096221924,43.83086215853596,1.0247929096221924,0.0010529763530939817,4194304
HuggingFaceH4/mistral-7b-sft-beta,False,0.04620081186294556,1024,4096,2.823868751525879,-0.6771738981420004,1.0097804069519043,0.7206879258155823,1.9972792088902442,-0.23980360198259537,model.layers.31.self_attn.v_proj,1024,99.37547302246094,1024,0.5757002234458923,172.61670045504303,0.5757002234458923,1.3931778084952384e-05,4194304
HuggingFaceH4/mistral-7b-sft-beta,False,0.06576237082481384,4096,4096,3.6042518615722656,3.5718058359463,1.1174108982086182,3.57352352142334,2.3675443602066797,0.9909978473003238,model.layers.31.self_attn.o_proj,4039,233.1011199951172,4039,9.794851303100586,23.798331672613386,9.794851303100586,1.0064774869533721e-05,16777216
HuggingFaceH4/mistral-7b-sft-beta,False,0.024479269981384277,14336,4096,3.4971120357513428,3.0061730550281274,1.1867367029190063,3.188293695449829,2.8804176868158464,0.8596158842769992,model.layers.31.mlp.gate_proj,4096,759.3074951171875,4096,7.237955093383789,104.90635619047569,7.237955093383789,0.008684703148901463,58720256
HuggingFaceH4/mistral-7b-sft-beta,False,0.028073668479919434,14336,4096,4.1745452880859375,5.516131762838059,1.1732962131500244,5.516347885131836,2.7860055042713965,1.3213730795018515,model.layers.31.mlp.up_proj,4096,610.9497680664062,4096,20.959121704101562,29.14958826480059,20.959121704101562,0.010121159255504608,58720256
HuggingFaceH4/mistral-7b-sft-beta,False,0.03231525421142578,4096,14336,5.800768852233887,2.958357461006326,1.1914660930633545,2.9598538875579834,2.705824471459718,0.5099940260276113,model.layers.31.mlp.down_proj,4096,507.9541015625,4096,3.2358920574188232,156.97498326556672,3.2358920574188232,0.015067153610289097,58720256
HuggingFaceH4/mistral-7b-sft-beta,False,0.020633935928344727,32000,4096,4.604480266571045,11.155793220013626,1.1325726509094238,11.155793190002441,3.372245756330527,2.4228126898503013,lm_head,4096,2356.38232421875,4096,264.7358093261719,8.900882469267815,264.7358093261719,0.00046055775601416826,131072000
